device_key,name,unit,device_id,device_name,address_ip
9b97f5da-0328-42ac-94c4-d9f0b673e5e0,P Tot.,W,dbe8aab6-04ea-4a44-971c-d796a5623ba8,A-1/TGBT1/M50,192.168.7.9
8fc93443-7b1e-473e-a2e7-f24bfa8692ec,Positive active power history,W,a515c7e0-9b41-11cd-8b87-00008cc7aed7,A-1/TGBT1/I-35-1@5,192.168.7.9
6939244f-d11f-4d50-9877-88cc6a0fac78,Uca,V,a515c7e0-9b41-11cd-8b87-00008cc7aed7,A-1/TGBT1/I-35-1@5,192.168.7.9
6f43de9b-7612-4d35-9d0c-d7a431589e51,THD Uca,%,a515c7e0-9b41-11cd-8b87-00008cc7aed7,A-1/TGBT1/I-35-1@5,192.168.7.9
b4e8b8d9-444e-4ed6-af38-396ac5201f2e,THD Vb,%,a515c7e0-9b41-11cd-8b87-00008cc7aed7,A-1/TGBT1/I-35-1@5,192.168.7.9
cb4b91ab-b13b-4e70-865a-b91731194bd5,Va,V,a515c7e0-9b41-11cd-8b87-00008cc7aed7,A-1/TGBT1/I-35-1@5,192.168.7.9
8e40dc28-ea5b-474c-9139-20ac5d22db53,Ia,A,a515c7e0-9b41-11cd-8b87-00008cc7aed7,A-1/TGBT1/I-35-1@5,192.168.7.9
81301499-a949-4114-8d90-d96d819f278b,Positive reactive power history,var,a515c7e0-9b41-11cd-8b87-00008cc7aed7,A-1/TGBT1/I-35-1@5,192.168.7.9
df24cab4-3413-43c6-91c5-88e023565f9b,Negative active power history,W,a515c7e0-9b41-11cd-8b87-00008cc7aed7,A-1/TGBT1/I-35-1@5,192.168.7.9
de842b54-0f09-4657-a8d0-d17775a9fa92,THD Vc,%,a515c7e0-9b41-11cd-8b87-00008cc7aed7,A-1/TGBT1/I-35-1@5,192.168.7.9
be2697e1-9e9b-41de-8c84-f14290eaa8bf,Negative reactive power history,var,a515c7e0-9b41-11cd-8b87-00008cc7aed7,A-1/TGBT1/I-35-1@5,192.168.7.9
5c03b069-ea68-4f46-b99a-860d6aaaf660,Q Tot.,var,a515c7e0-9b41-11cd-8b87-00008cc7aed7,A-1/TGBT1/I-35-1@5,192.168.7.9
9566f243-2fcf-422c-bbd5-04f680edaae3,Apparent power history,VA,a515c7e0-9b41-11cd-8b87-00008cc7aed7,A-1/TGBT1/I-35-1@5,192.168.7.9
b7d8da7a-0712-4585-a464-702f4fc789c7,Vc,V,a515c7e0-9b41-11cd-8b87-00008cc7aed7,A-1/TGBT1/I-35-1@5,192.168.7.9
59fc3f04-00a4-4ba2-8bca-37153f7f90f8,Total Es,VAh,a515c7e0-9b41-11cd-8b87-00008cc7aed7,A-1/TGBT1/I-35-1@5,192.168.7.9
7161f038-c091-4881-aab4-117e76f7ad6b,THD Ib,%,a515c7e0-9b41-11cd-8b87-00008cc7aed7,A-1/TGBT1/I-35-1@5,192.168.7.9
9b1aaab7-faa7-463d-b5a1-67b70d677a8f,In,A,a515c7e0-9b41-11cd-8b87-00008cc7aed7,A-1/TGBT1/I-35-1@5,192.168.7.9
5d36c37b-874f-48cf-857e-e49efa7a3155,Ib,A,a515c7e0-9b41-11cd-8b87-00008cc7aed7,A-1/TGBT1/I-35-1@5,192.168.7.9
472a0530-45b3-453b-939f-47ea8eca3c2e,THD In,%,a515c7e0-9b41-11cd-8b87-00008cc7aed7,A-1/TGBT1/I-35-1@5,192.168.7.9
fe6d4171-2f7a-4057-935f-fa6260810448,THD Ic,%,a515c7e0-9b41-11cd-8b87-00008cc7aed7,A-1/TGBT1/I-35-1@5,192.168.7.9
e60d7221-571c-4260-a579-aa97c92ee45d,THD Va,%,a515c7e0-9b41-11cd-8b87-00008cc7aed7,A-1/TGBT1/I-35-1@5,192.168.7.9
d11ccfaf-3239-41dd-aa1a-1b7388f0ddf6,S Tot.,VA,a515c7e0-9b41-11cd-8b87-00008cc7aed7,A-1/TGBT1/I-35-1@5,192.168.7.9
346745ca-fd89-4a8e-99bd-0f8865239cfa,THD Ubc,%,a515c7e0-9b41-11cd-8b87-00008cc7aed7,A-1/TGBT1/I-35-1@5,192.168.7.9
cffa9566-405b-4734-bd3d-c0768330efb5,Ubc,V,a515c7e0-9b41-11cd-8b87-00008cc7aed7,A-1/TGBT1/I-35-1@5,192.168.7.9
523cd9f9-f810-4af8-932d-e9d2b312d056,Total Er-,varh,a515c7e0-9b41-11cd-8b87-00008cc7aed7,A-1/TGBT1/I-35-1@5,192.168.7.9
dfd80e27-bc59-4d7b-a451-abf7f72a5d0c,THD Ia,%,a515c7e0-9b41-11cd-8b87-00008cc7aed7,A-1/TGBT1/I-35-1@5,192.168.7.9
3b5e67fe-98b2-4c64-abf1-c3531bd71f33,Total Er+,varh,a515c7e0-9b41-11cd-8b87-00008cc7aed7,A-1/TGBT1/I-35-1@5,192.168.7.9
75af02a6-87df-474b-b3be-8f25764c229f,PF Tot.,-,a515c7e0-9b41-11cd-8b87-00008cc7aed7,A-1/TGBT1/I-35-1@5,192.168.7.9
3f113a75-7c8f-4b9d-853e-0d75b10048c2,Frequency,Hz,a515c7e0-9b41-11cd-8b87-00008cc7aed7,A-1/TGBT1/I-35-1@5,192.168.7.9
d056ee02-b653-43ee-9f3f-da93dfef846a,Uab,V,a515c7e0-9b41-11cd-8b87-00008cc7aed7,A-1/TGBT1/I-35-1@5,192.168.7.9
6f5004bb-5915-49d1-87e8-2a2794f28f48,Total Ea-,Wh,a515c7e0-9b41-11cd-8b87-00008cc7aed7,A-1/TGBT1/I-35-1@5,192.168.7.9
a869af7d-fb50-4754-b3a2-097035a1dc33,P Tot.,W,a515c7e0-9b41-11cd-8b87-00008cc7aed7,A-1/TGBT1/I-35-1@5,192.168.7.9
6b054887-628c-4358-a2a0-1ec710688a5a,THD Uab,%,a515c7e0-9b41-11cd-8b87-00008cc7aed7,A-1/TGBT1/I-35-1@5,192.168.7.9
1973a358-298c-4cb5-99fd-91a73f9bd367,Ic,A,a515c7e0-9b41-11cd-8b87-00008cc7aed7,A-1/TGBT1/I-35-1@5,192.168.7.9
7ec8f752-19a5-4200-a5f4-ec5858cd09d6,Vb,V,a515c7e0-9b41-11cd-8b87-00008cc7aed7,A-1/TGBT1/I-35-1@5,192.168.7.9
7bab6a91-5150-493c-a926-1ceb8bc11087,Total Ea+,Wh,a515c7e0-9b41-11cd-8b87-00008cc7aed7,A-1/TGBT1/I-35-1@5,192.168.7.9
46660285-3c22-4a49-a97e-5a4461b00caa,THD Ic,%,9fc55a20-0e61-11cd-8a46-0000022792cd,A0/TD1/I-35-1@5,192.168.7.10
9d1984de-9317-4ce7-9ea0-bbf8b893b424,Vc,V,9fc55a20-0e61-11cd-8a46-0000022792cd,A0/TD1/I-35-1@5,192.168.7.10
e7ce5573-dc23-4ac6-9153-3145f380b71f,Positive reactive power history,var,9fc55a20-0e61-11cd-8a46-0000022792cd,A0/TD1/I-35-1@5,192.168.7.10
bbca9479-1a9b-4d6c-a1be-611d3b5f3eb7,Ib,A,9fc55a20-0e61-11cd-8a46-0000022792cd,A0/TD1/I-35-1@5,192.168.7.10
4f161488-234f-4d64-8428-6106847a0e99,PF Tot.,-,9fc55a20-0e61-11cd-8a46-0000022792cd,A0/TD1/I-35-1@5,192.168.7.10
72f30b4a-2ca5-46b7-a448-7ede4bca9ea7,Negative reactive power history,var,9fc55a20-0e61-11cd-8a46-0000022792cd,A0/TD1/I-35-1@5,192.168.7.10
b03828d5-be71-49ad-8431-61f807242ef1,THD In,%,9fc55a20-0e61-11cd-8a46-0000022792cd,A0/TD1/I-35-1@5,192.168.7.10
3ec4fc1d-d00b-43ae-9b5d-37131ec51bf3,THD Vb,%,9fc55a20-0e61-11cd-8a46-0000022792cd,A0/TD1/I-35-1@5,192.168.7.10
ca538774-36af-4de7-8743-88f67ba3e6e6,Vb,V,9fc55a20-0e61-11cd-8a46-0000022792cd,A0/TD1/I-35-1@5,192.168.7.10
cc4a415b-0986-4b9a-9d6e-262a303ce871,In,A,9fc55a20-0e61-11cd-8a46-0000022792cd,A0/TD1/I-35-1@5,192.168.7.10
fed7d210-7a3b-4358-ae02-55624c661a9c,Total Er-,varh,9fc55a20-0e61-11cd-8a46-0000022792cd,A0/TD1/I-35-1@5,192.168.7.10
cba88e86-9176-4301-8fc5-08fbd822f74f,THD Va,%,9fc55a20-0e61-11cd-8a46-0000022792cd,A0/TD1/I-35-1@5,192.168.7.10
2a6e48b8-93eb-4636-b520-dd687296fe3e,Total Ea+,Wh,9fc55a20-0e61-11cd-8a46-0000022792cd,A0/TD1/I-35-1@5,192.168.7.10
53437036-6962-454a-a96d-c6e9d8894792,Frequency,Hz,9fc55a20-0e61-11cd-8a46-0000022792cd,A0/TD1/I-35-1@5,192.168.7.10
4f887d23-3cf2-4d1c-8ae8-0f0bea45cf09,P Tot.,W,9fc55a20-0e61-11cd-8a46-0000022792cd,A0/TD1/I-35-1@5,192.168.7.10
d043d83e-cb4f-4510-936b-84e479d6689f,Apparent power history,VA,9fc55a20-0e61-11cd-8a46-0000022792cd,A0/TD1/I-35-1@5,192.168.7.10
6f92c576-6b9f-43fc-a538-36b7b9956ecb,Total Ea-,Wh,9fc55a20-0e61-11cd-8a46-0000022792cd,A0/TD1/I-35-1@5,192.168.7.10
0709e77d-c09a-42a4-a10c-f3232eb9e034,Total Er+,varh,9fc55a20-0e61-11cd-8a46-0000022792cd,A0/TD1/I-35-1@5,192.168.7.10
a5e25a92-c1f4-40a0-99ce-c890502ad6ed,THD Vc,%,9fc55a20-0e61-11cd-8a46-0000022792cd,A0/TD1/I-35-1@5,192.168.7.10
8ebcf04c-ac49-4b07-8b17-974de3f9b439,THD Ib,%,9fc55a20-0e61-11cd-8a46-0000022792cd,A0/TD1/I-35-1@5,192.168.7.10
d7bd7b53-d87e-491d-90ff-78778610d69a,Uab,V,9fc55a20-0e61-11cd-8a46-0000022792cd,A0/TD1/I-35-1@5,192.168.7.10
ff225413-c4d2-47f6-b945-fdb2762234ca,Uca,V,9fc55a20-0e61-11cd-8a46-0000022792cd,A0/TD1/I-35-1@5,192.168.7.10
9bf902b1-17d2-43c1-9558-4c6f10f2a0ea,THD Ubc,%,9fc55a20-0e61-11cd-8a46-0000022792cd,A0/TD1/I-35-1@5,192.168.7.10
ad4f9211-6b1f-4d2a-a82c-7e87cc9d117b,THD Uab,%,9fc55a20-0e61-11cd-8a46-0000022792cd,A0/TD1/I-35-1@5,192.168.7.10
738f23ca-1e8c-4542-a6ca-597604961c4a,S Tot.,VA,9fc55a20-0e61-11cd-8a46-0000022792cd,A0/TD1/I-35-1@5,192.168.7.10
0fb47c49-ac10-4f1f-8df7-679256875678,Ia,A,9fc55a20-0e61-11cd-8a46-0000022792cd,A0/TD1/I-35-1@5,192.168.7.10
0cfb02da-317d-4414-b50e-18d632102fb7,Positive active power history,W,9fc55a20-0e61-11cd-8a46-0000022792cd,A0/TD1/I-35-1@5,192.168.7.10
689c0464-360e-4574-ad35-2228075d6f7b,Ic,A,9fc55a20-0e61-11cd-8a46-0000022792cd,A0/TD1/I-35-1@5,192.168.7.10
5dc3f38b-deed-42ca-9e6c-8a4d1e885ebc,THD Uca,%,9fc55a20-0e61-11cd-8a46-0000022792cd,A0/TD1/I-35-1@5,192.168.7.10
1c942d71-ed3d-4a29-8400-d181687ad1fc,THD Ia,%,9fc55a20-0e61-11cd-8a46-0000022792cd,A0/TD1/I-35-1@5,192.168.7.10
673e95f9-4590-4c46-a15f-563fe8a6533b,Q Tot.,var,9fc55a20-0e61-11cd-8a46-0000022792cd,A0/TD1/I-35-1@5,192.168.7.10
46f8cb3b-294f-449a-98a0-3b8694b5d647,Negative active power history,W,9fc55a20-0e61-11cd-8a46-0000022792cd,A0/TD1/I-35-1@5,192.168.7.10
0f0a6181-a822-49b9-acfc-366258992f6a,Va,V,9fc55a20-0e61-11cd-8a46-0000022792cd,A0/TD1/I-35-1@5,192.168.7.10
898b32ec-515c-4665-aa09-3068dab68409,Ubc,V,9fc55a20-0e61-11cd-8a46-0000022792cd,A0/TD1/I-35-1@5,192.168.7.10
08a5c3f4-acaf-4d76-8641-a515b268fa77,Total Es,VAh,9fc55a20-0e61-11cd-8a46-0000022792cd,A0/TD1/I-35-1@5,192.168.7.10
57713099-8bb5-44d5-b1ea-f6c16a922ab7,THD Vb,%,eb185770-0e61-11cd-b595-0000c1432be7,A1/TD1/I-35-1@5,192.168.7.11
54454959-8ff3-4283-a977-576c5acb4b39,THD Uca,%,eb185770-0e61-11cd-b595-0000c1432be7,A1/TD1/I-35-1@5,192.168.7.11
1482be82-5744-4cb2-8997-189cc67c44f1,Total Er+,varh,eb185770-0e61-11cd-b595-0000c1432be7,A1/TD1/I-35-1@5,192.168.7.11
bc240cc2-89d0-4673-bc2b-7d5d49077ca5,Uab,V,eb185770-0e61-11cd-b595-0000c1432be7,A1/TD1/I-35-1@5,192.168.7.11
c1c3753e-2d1a-470b-a993-ad1eb16a03cd,THD Ic,%,eb185770-0e61-11cd-b595-0000c1432be7,A1/TD1/I-35-1@5,192.168.7.11
4a47f65d-c29a-4919-b85f-911988462145,Vb,V,eb185770-0e61-11cd-b595-0000c1432be7,A1/TD1/I-35-1@5,192.168.7.11
f633f5be-9584-4205-8e0a-a0cee7b2dd24,Total Ea+,Wh,eb185770-0e61-11cd-b595-0000c1432be7,A1/TD1/I-35-1@5,192.168.7.11
e2964fdd-7918-49b6-a03e-245a80411815,Ubc,V,eb185770-0e61-11cd-b595-0000c1432be7,A1/TD1/I-35-1@5,192.168.7.11
f61fabca-a880-4639-a0ca-d9359a965db3,Uca,V,eb185770-0e61-11cd-b595-0000c1432be7,A1/TD1/I-35-1@5,192.168.7.11
22f3462d-6897-46c9-a0f7-1d012b5e28f9,Total Es,VAh,eb185770-0e61-11cd-b595-0000c1432be7,A1/TD1/I-35-1@5,192.168.7.11
64cdcc64-650e-422a-86a5-80e24bdfd303,Positive active power history,W,eb185770-0e61-11cd-b595-0000c1432be7,A1/TD1/I-35-1@5,192.168.7.11
534a744a-5159-4340-835e-6f64575c1640,THD Vc,%,eb185770-0e61-11cd-b595-0000c1432be7,A1/TD1/I-35-1@5,192.168.7.11
7e8a5373-88a1-40b1-ad07-25372754de3d,Ib,A,eb185770-0e61-11cd-b595-0000c1432be7,A1/TD1/I-35-1@5,192.168.7.11
addf5adf-7858-490a-965f-8652985664a8,THD Ib,%,eb185770-0e61-11cd-b595-0000c1432be7,A1/TD1/I-35-1@5,192.168.7.11
3b68995e-5690-40e4-a3dc-3ed2d137dd26,Q Tot.,var,eb185770-0e61-11cd-b595-0000c1432be7,A1/TD1/I-35-1@5,192.168.7.11
94536c96-b103-4e82-9acc-258f5db3332f,THD Uab,%,eb185770-0e61-11cd-b595-0000c1432be7,A1/TD1/I-35-1@5,192.168.7.11
7bad0795-5376-4585-8f38-10751556c966,Total Er-,varh,eb185770-0e61-11cd-b595-0000c1432be7,A1/TD1/I-35-1@5,192.168.7.11
ebfccc72-6f2c-431f-9a18-9adf41337889,Apparent power history,VA,eb185770-0e61-11cd-b595-0000c1432be7,A1/TD1/I-35-1@5,192.168.7.11
c75e1efc-1cab-41cf-ae22-7aa4e21d0ad2,Vc,V,eb185770-0e61-11cd-b595-0000c1432be7,A1/TD1/I-35-1@5,192.168.7.11
c0310b6f-ed8d-45c4-a7c0-8a5749cb2b82,THD Va,%,eb185770-0e61-11cd-b595-0000c1432be7,A1/TD1/I-35-1@5,192.168.7.11
1f9e6f8f-2da6-4dad-93d0-33cd09f88c14,THD Ia,%,eb185770-0e61-11cd-b595-0000c1432be7,A1/TD1/I-35-1@5,192.168.7.11
08274d00-2359-4ba5-936f-289b26013951,Total Ea-,Wh,eb185770-0e61-11cd-b595-0000c1432be7,A1/TD1/I-35-1@5,192.168.7.11
89ad5e89-f3df-4604-b888-c761517b73f0,In,A,eb185770-0e61-11cd-b595-0000c1432be7,A1/TD1/I-35-1@5,192.168.7.11
888456db-8136-45c9-b581-42d62189470c,THD Ubc,%,eb185770-0e61-11cd-b595-0000c1432be7,A1/TD1/I-35-1@5,192.168.7.11
a79bfcf3-7432-46b4-bb94-554f0ed70fbd,Va,V,eb185770-0e61-11cd-b595-0000c1432be7,A1/TD1/I-35-1@5,192.168.7.11
fd605e83-fd6b-450d-b1bb-8d8e5037e058,PF Tot.,-,eb185770-0e61-11cd-b595-0000c1432be7,A1/TD1/I-35-1@5,192.168.7.11
93acd981-5e53-43d5-9386-193d55ec89f6,Frequency,Hz,eb185770-0e61-11cd-b595-0000c1432be7,A1/TD1/I-35-1@5,192.168.7.11
153e8c31-3f7a-4b0b-b58a-1df676c8d8ea,THD In,%,eb185770-0e61-11cd-b595-0000c1432be7,A1/TD1/I-35-1@5,192.168.7.11
f0e8cb86-532d-4b41-b0e2-266a3af70399,Ia,A,eb185770-0e61-11cd-b595-0000c1432be7,A1/TD1/I-35-1@5,192.168.7.11
510478e8-ddfe-40d1-8d2f-f8562e4fb128,P Tot.,W,eb185770-0e61-11cd-b595-0000c1432be7,A1/TD1/I-35-1@5,192.168.7.11
5bd687d2-7e63-4314-ab98-a099fb57fb92,Ic,A,eb185770-0e61-11cd-b595-0000c1432be7,A1/TD1/I-35-1@5,192.168.7.11
c7a45102-a901-46e3-83ab-4504424760f8,Negative reactive power history,var,eb185770-0e61-11cd-b595-0000c1432be7,A1/TD1/I-35-1@5,192.168.7.11
c04a48b5-2894-4050-b32d-93a280b2fdc2,Negative active power history,W,eb185770-0e61-11cd-b595-0000c1432be7,A1/TD1/I-35-1@5,192.168.7.11
a81783fa-3596-4d0a-a137-aa8b3721c22c,Positive reactive power history,var,eb185770-0e61-11cd-b595-0000c1432be7,A1/TD1/I-35-1@5,192.168.7.11
757fa894-1c9c-4d32-9a6a-986c0afdcdc6,S Tot.,VA,eb185770-0e61-11cd-b595-0000c1432be7,A1/TD1/I-35-1@5,192.168.7.11
aaa2ea62-58ea-4bc8-9344-0df547fc5498,Negative reactive power history,var,eb183060-0e61-11cd-b6f3-0000437cfa92,A1/TD1/I-35-2@4,192.168.7.11
744d65ea-eccd-44f1-9d3f-63b352b3e6bb,THD Va,%,eb183060-0e61-11cd-b6f3-0000437cfa92,A1/TD1/I-35-2@4,192.168.7.11
b919d11d-3a62-43ea-bc9b-a2b67013e6df,Vb,V,eb183060-0e61-11cd-b6f3-0000437cfa92,A1/TD1/I-35-2@4,192.168.7.11
42a21d9b-776b-4641-85f5-8e0e56225b5d,Total Es,VAh,eb183060-0e61-11cd-b6f3-0000437cfa92,A1/TD1/I-35-2@4,192.168.7.11
c1e82bd1-d8f0-422b-a73c-97f28ec8f534,THD In,%,eb183060-0e61-11cd-b6f3-0000437cfa92,A1/TD1/I-35-2@4,192.168.7.11
cfe61768-c260-4f77-8d58-4e8b77c7a129,PF Tot.,-,eb183060-0e61-11cd-b6f3-0000437cfa92,A1/TD1/I-35-2@4,192.168.7.11
fb7e2160-c690-48e1-8dba-e49e4e2fd0a3,Negative active power history,W,eb183060-0e61-11cd-b6f3-0000437cfa92,A1/TD1/I-35-2@4,192.168.7.11
8e3fcdad-91c0-4d24-b60f-574412ea9943,Va,V,eb183060-0e61-11cd-b6f3-0000437cfa92,A1/TD1/I-35-2@4,192.168.7.11
d5d0c171-7b99-4ac9-9bab-83340b0fd78a,Total Ea+,Wh,eb183060-0e61-11cd-b6f3-0000437cfa92,A1/TD1/I-35-2@4,192.168.7.11
507ac1b8-7335-4431-b1be-dd887e7d08fa,Uca,V,eb183060-0e61-11cd-b6f3-0000437cfa92,A1/TD1/I-35-2@4,192.168.7.11
9fed63df-c859-4cbd-9aca-0c521d9ef85d,Total Er-,varh,eb183060-0e61-11cd-b6f3-0000437cfa92,A1/TD1/I-35-2@4,192.168.7.11
90f35705-657b-4b95-900a-a964cf1e511a,THD Vc,%,eb183060-0e61-11cd-b6f3-0000437cfa92,A1/TD1/I-35-2@4,192.168.7.11
1627fb0d-6077-41b9-bfa0-5566d576ccb3,Uab,V,eb183060-0e61-11cd-b6f3-0000437cfa92,A1/TD1/I-35-2@4,192.168.7.11
8f165613-333c-466f-980e-54042386ce88,THD Ia,%,eb183060-0e61-11cd-b6f3-0000437cfa92,A1/TD1/I-35-2@4,192.168.7.11
359980b1-646b-477d-8931-01e5fc59b95b,Vc,V,eb183060-0e61-11cd-b6f3-0000437cfa92,A1/TD1/I-35-2@4,192.168.7.11
0fa573f1-c6a2-427d-9bfc-4d5c45fe77a3,Ia,A,eb183060-0e61-11cd-b6f3-0000437cfa92,A1/TD1/I-35-2@4,192.168.7.11
9f553019-bd6e-414a-888c-186e026235b9,Frequency,Hz,eb183060-0e61-11cd-b6f3-0000437cfa92,A1/TD1/I-35-2@4,192.168.7.11
7311513c-5300-4602-a29a-c91f33becde5,THD Uca,%,eb183060-0e61-11cd-b6f3-0000437cfa92,A1/TD1/I-35-2@4,192.168.7.11
7bba0d1a-378e-4937-b574-42675682e0cd,THD Ib,%,eb183060-0e61-11cd-b6f3-0000437cfa92,A1/TD1/I-35-2@4,192.168.7.11
99a18642-0458-491c-8a45-6c7e7155088e,THD Vb,%,eb183060-0e61-11cd-b6f3-0000437cfa92,A1/TD1/I-35-2@4,192.168.7.11
17ab5e0f-9b5e-4359-b98a-b4738b58fd60,Ic,A,eb183060-0e61-11cd-b6f3-0000437cfa92,A1/TD1/I-35-2@4,192.168.7.11
6bba7c1b-cf23-43da-b43e-ff7ee18f3b97,S Tot.,VA,eb183060-0e61-11cd-b6f3-0000437cfa92,A1/TD1/I-35-2@4,192.168.7.11
1aba324c-9898-4158-9193-7ca4346addc0,Q Tot.,var,eb183060-0e61-11cd-b6f3-0000437cfa92,A1/TD1/I-35-2@4,192.168.7.11
25b73347-9815-4a49-9ba7-73202225d116,Positive reactive power history,var,eb183060-0e61-11cd-b6f3-0000437cfa92,A1/TD1/I-35-2@4,192.168.7.11
14375bc7-eb4f-4cac-88f8-ae6be2dde5cd,P Tot.,W,eb183060-0e61-11cd-b6f3-0000437cfa92,A1/TD1/I-35-2@4,192.168.7.11
fe077007-d56d-475a-9811-8c2d7f8a2eab,THD Ubc,%,eb183060-0e61-11cd-b6f3-0000437cfa92,A1/TD1/I-35-2@4,192.168.7.11
51f1f9b8-8bcb-47d0-a309-cdb39a2f844d,Ubc,V,eb183060-0e61-11cd-b6f3-0000437cfa92,A1/TD1/I-35-2@4,192.168.7.11
3963c0c1-f932-4765-bd1b-f257e94cfff6,Apparent power history,VA,eb183060-0e61-11cd-b6f3-0000437cfa92,A1/TD1/I-35-2@4,192.168.7.11
92595075-d7f3-46d9-885a-c138f9e5bd91,THD Uab,%,eb183060-0e61-11cd-b6f3-0000437cfa92,A1/TD1/I-35-2@4,192.168.7.11
0ff948ba-403d-4a8b-9315-2fa4e5daad06,THD Ic,%,eb183060-0e61-11cd-b6f3-0000437cfa92,A1/TD1/I-35-2@4,192.168.7.11
c88bbeb0-e4cc-4be0-88ca-303b01294d19,In,A,eb183060-0e61-11cd-b6f3-0000437cfa92,A1/TD1/I-35-2@4,192.168.7.11
80dbc757-e63f-4524-ad50-552e85d131be,Total Ea-,Wh,eb183060-0e61-11cd-b6f3-0000437cfa92,A1/TD1/I-35-2@4,192.168.7.11
af348937-1428-4170-b9f5-1d4b79d69f69,Ib,A,eb183060-0e61-11cd-b6f3-0000437cfa92,A1/TD1/I-35-2@4,192.168.7.11
678aa4e0-a3a0-4cf6-a188-f183fa3b3627,Total Er+,varh,eb183060-0e61-11cd-b6f3-0000437cfa92,A1/TD1/I-35-2@4,192.168.7.11
5c4a352f-d09c-46a6-a049-1fd68dd8a0b4,Positive active power history,W,eb183060-0e61-11cd-b6f3-0000437cfa92,A1/TD1/I-35-2@4,192.168.7.11
239abb09-b591-48d3-93ef-a53d4fffb9b3,Total Ea-,Wh,e3e64cf0-0e61-11cd-a29e-000046ecbb2b,A2/TD1/I-35-1@5,192.168.7.12
68d0a1df-4c6c-4a60-b6c5-a2552baa3e02,Positive active power history,W,e3e64cf0-0e61-11cd-a29e-000046ecbb2b,A2/TD1/I-35-1@5,192.168.7.12
5f8d9103-094a-4dd1-96e1-0893ac163a79,THD Ib,%,e3e64cf0-0e61-11cd-a29e-000046ecbb2b,A2/TD1/I-35-1@5,192.168.7.12
5452c642-a6bc-4066-9e46-2546e752ba45,S Tot.,VA,e3e64cf0-0e61-11cd-a29e-000046ecbb2b,A2/TD1/I-35-1@5,192.168.7.12
729ab60a-4cda-4dbd-8e5c-28b3ed001084,Ubc,V,e3e64cf0-0e61-11cd-a29e-000046ecbb2b,A2/TD1/I-35-1@5,192.168.7.12
8f4da868-5e7c-45ca-87f5-aa28b7ec371e,THD Va,%,e3e64cf0-0e61-11cd-a29e-000046ecbb2b,A2/TD1/I-35-1@5,192.168.7.12
9cf59bda-f1c6-48a8-a6d3-c7d6021d1671,In,A,e3e64cf0-0e61-11cd-a29e-000046ecbb2b,A2/TD1/I-35-1@5,192.168.7.12
6f84217e-de5a-46f3-8369-1698dc278b53,Negative active power history,W,e3e64cf0-0e61-11cd-a29e-000046ecbb2b,A2/TD1/I-35-1@5,192.168.7.12
0d529b5f-5a04-43c5-9309-69b7c1f7acd0,Vc,V,e3e64cf0-0e61-11cd-a29e-000046ecbb2b,A2/TD1/I-35-1@5,192.168.7.12
70ae4cc5-b87f-428b-a98e-f642d56c390f,Frequency,Hz,e3e64cf0-0e61-11cd-a29e-000046ecbb2b,A2/TD1/I-35-1@5,192.168.7.12
bc594a17-e0af-4243-a6ce-c7f461fb19f1,Positive reactive power history,var,e3e64cf0-0e61-11cd-a29e-000046ecbb2b,A2/TD1/I-35-1@5,192.168.7.12
94079fff-23fb-47d8-952b-ef75c6c593e4,THD Ia,%,e3e64cf0-0e61-11cd-a29e-000046ecbb2b,A2/TD1/I-35-1@5,192.168.7.12
4ea2d312-1037-4b29-b05d-6958c3e6af52,THD Ubc,%,e3e64cf0-0e61-11cd-a29e-000046ecbb2b,A2/TD1/I-35-1@5,192.168.7.12
5dcc0a90-801c-48fe-af15-0de646682842,Uab,V,e3e64cf0-0e61-11cd-a29e-000046ecbb2b,A2/TD1/I-35-1@5,192.168.7.12
d78b4b95-8287-497c-a5d0-a9bc968b50f1,THD Uab,%,e3e64cf0-0e61-11cd-a29e-000046ecbb2b,A2/TD1/I-35-1@5,192.168.7.12
cdc0b21b-3563-4065-9c4e-e0a721739e96,Negative reactive power history,var,e3e64cf0-0e61-11cd-a29e-000046ecbb2b,A2/TD1/I-35-1@5,192.168.7.12
c44d19ea-9a73-4bdb-8329-02f38c1b9482,Ib,A,e3e64cf0-0e61-11cd-a29e-000046ecbb2b,A2/TD1/I-35-1@5,192.168.7.12
c2115105-a95a-4631-9a7a-4d94b5a25aa9,Q Tot.,var,e3e64cf0-0e61-11cd-a29e-000046ecbb2b,A2/TD1/I-35-1@5,192.168.7.12
8f9d0f64-2262-45ef-a342-8054e417097b,Va,V,e3e64cf0-0e61-11cd-a29e-000046ecbb2b,A2/TD1/I-35-1@5,192.168.7.12
ca8bf525-9259-4cfa-9ebe-856b4356895e,P Tot.,W,e3e64cf0-0e61-11cd-a29e-000046ecbb2b,A2/TD1/I-35-1@5,192.168.7.12
372e9a0e-8c0f-49ed-820e-9869fb9336a4,Total Es,VAh,e3e64cf0-0e61-11cd-a29e-000046ecbb2b,A2/TD1/I-35-1@5,192.168.7.12
f7f8f936-6fe8-461e-9272-be8de38e77a5,THD Vb,%,e3e64cf0-0e61-11cd-a29e-000046ecbb2b,A2/TD1/I-35-1@5,192.168.7.12
863a01b7-4726-4b86-81ab-b12982a23998,Uca,V,e3e64cf0-0e61-11cd-a29e-000046ecbb2b,A2/TD1/I-35-1@5,192.168.7.12
29a09358-fd9b-409f-9b88-c0740ad27e76,THD Ic,%,e3e64cf0-0e61-11cd-a29e-000046ecbb2b,A2/TD1/I-35-1@5,192.168.7.12
e3c80a8a-bfe2-4d6e-af68-7b0fe9a2cbb4,Total Er-,varh,e3e64cf0-0e61-11cd-a29e-000046ecbb2b,A2/TD1/I-35-1@5,192.168.7.12
cbc35561-82bc-4faa-82dc-ac7754921ab6,THD Uca,%,e3e64cf0-0e61-11cd-a29e-000046ecbb2b,A2/TD1/I-35-1@5,192.168.7.12
426a9402-f603-48da-b712-ec6f0cdb8c53,THD In,%,e3e64cf0-0e61-11cd-a29e-000046ecbb2b,A2/TD1/I-35-1@5,192.168.7.12
8d244bf8-b57d-49dc-802b-f83ef81a3fa9,Apparent power history,VA,e3e64cf0-0e61-11cd-a29e-000046ecbb2b,A2/TD1/I-35-1@5,192.168.7.12
d79767f1-1ec2-4680-9c17-28f8d77e3456,PF Tot.,-,e3e64cf0-0e61-11cd-a29e-000046ecbb2b,A2/TD1/I-35-1@5,192.168.7.12
f7b758b4-ca18-4985-89e2-08726473dd03,Vb,V,e3e64cf0-0e61-11cd-a29e-000046ecbb2b,A2/TD1/I-35-1@5,192.168.7.12
0ce4393d-28ea-459b-8392-52ecb98a3a25,Ia,A,e3e64cf0-0e61-11cd-a29e-000046ecbb2b,A2/TD1/I-35-1@5,192.168.7.12
0554a2ee-ab21-49c5-a72a-45d0ebe21ba2,Total Er+,varh,e3e64cf0-0e61-11cd-a29e-000046ecbb2b,A2/TD1/I-35-1@5,192.168.7.12
84b32c39-f3a9-49ed-ac5c-a19494e68bd6,THD Vc,%,e3e64cf0-0e61-11cd-a29e-000046ecbb2b,A2/TD1/I-35-1@5,192.168.7.12
aee27a81-58e9-464a-94c7-7b46abe49edd,Ic,A,e3e64cf0-0e61-11cd-a29e-000046ecbb2b,A2/TD1/I-35-1@5,192.168.7.12
e299e5e8-6629-4e10-94bb-86ff79a4c579,Total Ea+,Wh,e3e64cf0-0e61-11cd-a29e-000046ecbb2b,A2/TD1/I-35-1@5,192.168.7.12
fef1bbd1-740c-43eb-ba95-94216c6145a6,Negative reactive power history,var,a0418680-8527-11cd-9074-00003ff767c9,A3/TD1/I-35-1@5,192.168.7.13
e66853c9-7dac-44cd-9a23-08df9665b976,THD Uca,%,a0418680-8527-11cd-9074-00003ff767c9,A3/TD1/I-35-1@5,192.168.7.13
2d470484-1394-4862-b916-7a09bc580479,Q Tot.,var,a0418680-8527-11cd-9074-00003ff767c9,A3/TD1/I-35-1@5,192.168.7.13
0ffa41bf-7531-4bfa-a060-d3aa7c1d0c08,THD In,%,a0418680-8527-11cd-9074-00003ff767c9,A3/TD1/I-35-1@5,192.168.7.13
2da0c39c-34b7-4d1e-859c-df669a06b806,S Tot.,VA,a0418680-8527-11cd-9074-00003ff767c9,A3/TD1/I-35-1@5,192.168.7.13
3b36f6d7-8abd-4e79-8154-72ccb92b9273,P Tot.,W,a0418680-8527-11cd-9074-00003ff767c9,A3/TD1/I-35-1@5,192.168.7.13
97e62c01-d6a2-4f42-9675-46c2697122dc,THD Uab,%,a0418680-8527-11cd-9074-00003ff767c9,A3/TD1/I-35-1@5,192.168.7.13
e67500d5-9adc-4733-88cc-c1c6d379ab3d,THD Va,%,a0418680-8527-11cd-9074-00003ff767c9,A3/TD1/I-35-1@5,192.168.7.13
bff0585b-704c-4d2f-91be-f8cd8f3b0daf,Ic,A,a0418680-8527-11cd-9074-00003ff767c9,A3/TD1/I-35-1@5,192.168.7.13
a1eb1ee8-584a-4c7c-bcda-b98046ec653b,THD Vc,%,a0418680-8527-11cd-9074-00003ff767c9,A3/TD1/I-35-1@5,192.168.7.13
6981d0ca-9834-4b68-8854-361d614e34f5,Uca,V,a0418680-8527-11cd-9074-00003ff767c9,A3/TD1/I-35-1@5,192.168.7.13
b00392d0-5c4b-4e64-89db-124cf4e86a6f,Vc,V,a0418680-8527-11cd-9074-00003ff767c9,A3/TD1/I-35-1@5,192.168.7.13
da56167c-5366-46e5-9078-44649e93584d,THD Vb,%,a0418680-8527-11cd-9074-00003ff767c9,A3/TD1/I-35-1@5,192.168.7.13
dcf5b693-ea17-4142-9f59-3bc9127a5ea0,Total Es,VAh,a0418680-8527-11cd-9074-00003ff767c9,A3/TD1/I-35-1@5,192.168.7.13
3f0d5639-5859-4b26-ae5f-52bd6dddc089,Positive active power history,W,a0418680-8527-11cd-9074-00003ff767c9,A3/TD1/I-35-1@5,192.168.7.13
97032b3d-8cfe-488e-be05-7ab307ec67c8,Ib,A,a0418680-8527-11cd-9074-00003ff767c9,A3/TD1/I-35-1@5,192.168.7.13
a39ebcce-039d-4a52-831e-60bb48fb5a38,Apparent power history,VA,a0418680-8527-11cd-9074-00003ff767c9,A3/TD1/I-35-1@5,192.168.7.13
e3213b42-22e2-4ec5-b074-6752afff8d3e,THD Ic,%,a0418680-8527-11cd-9074-00003ff767c9,A3/TD1/I-35-1@5,192.168.7.13
d2b71215-46ab-4ef2-b8fa-334b18a43939,THD Ia,%,a0418680-8527-11cd-9074-00003ff767c9,A3/TD1/I-35-1@5,192.168.7.13
4ae98569-a520-4f72-88a9-e5f419fcef32,Vb,V,a0418680-8527-11cd-9074-00003ff767c9,A3/TD1/I-35-1@5,192.168.7.13
25696693-61a6-4857-944f-874403c06766,THD Ubc,%,a0418680-8527-11cd-9074-00003ff767c9,A3/TD1/I-35-1@5,192.168.7.13
98c56e2b-ee4d-4283-99cf-db8c2dcda133,Uab,V,a0418680-8527-11cd-9074-00003ff767c9,A3/TD1/I-35-1@5,192.168.7.13
f721a062-79d7-4e72-8098-3d193fa1c471,Frequency,Hz,a0418680-8527-11cd-9074-00003ff767c9,A3/TD1/I-35-1@5,192.168.7.13
e07958f8-2a7f-4646-896f-860cfb9f48ad,In,A,a0418680-8527-11cd-9074-00003ff767c9,A3/TD1/I-35-1@5,192.168.7.13
27c6ed78-308f-4c38-b0c6-87ccb1a2f333,Total Er-,varh,a0418680-8527-11cd-9074-00003ff767c9,A3/TD1/I-35-1@5,192.168.7.13
8d6e2d76-50e3-45e9-be04-1b036c0b7caf,Total Ea+,Wh,a0418680-8527-11cd-9074-00003ff767c9,A3/TD1/I-35-1@5,192.168.7.13
19f48ac4-4fbe-4592-b8f9-2a186d471f5c,Va,V,a0418680-8527-11cd-9074-00003ff767c9,A3/TD1/I-35-1@5,192.168.7.13
b7f32c9d-1d7d-4104-8907-0820fb9cbb9c,Total Ea-,Wh,a0418680-8527-11cd-9074-00003ff767c9,A3/TD1/I-35-1@5,192.168.7.13
14749a6d-a6a4-4a97-a534-9b72a4428d02,Positive reactive power history,var,a0418680-8527-11cd-9074-00003ff767c9,A3/TD1/I-35-1@5,192.168.7.13
b8660cb3-69c4-4017-b8ce-ded6834e8d79,THD Ib,%,a0418680-8527-11cd-9074-00003ff767c9,A3/TD1/I-35-1@5,192.168.7.13
cb287b47-00db-493f-b091-5b8626bfe778,Ia,A,a0418680-8527-11cd-9074-00003ff767c9,A3/TD1/I-35-1@5,192.168.7.13
f6da463d-95e1-4550-8ed5-924a5b85f5d6,Negative active power history,W,a0418680-8527-11cd-9074-00003ff767c9,A3/TD1/I-35-1@5,192.168.7.13
6958687b-9a21-4fd3-84b1-fe6ef738de0c,PF Tot.,-,a0418680-8527-11cd-9074-00003ff767c9,A3/TD1/I-35-1@5,192.168.7.13
b210a78c-50a9-43ac-91ea-1f3ba144517a,Ubc,V,a0418680-8527-11cd-9074-00003ff767c9,A3/TD1/I-35-1@5,192.168.7.13
6adf3948-aa05-4287-8088-aab3bb12e8c0,Total Er+,varh,a0418680-8527-11cd-9074-00003ff767c9,A3/TD1/I-35-1@5,192.168.7.13
53c8528c-b6a1-4990-9949-f62f688cb2c9,Total Es,VAh,8e197260-9d96-11cd-a000-000038fd8fe9,B0/COFPV/I-43-1@5,192.168.7.23
dc00bb6b-bb2d-4b9e-a18c-82764dfe87b6,Frequency,Hz,8e197260-9d96-11cd-a000-000038fd8fe9,B0/COFPV/I-43-1@5,192.168.7.23
c59738be-4959-4be3-b128-3ddd31dd9023,Total Er-,varh,8e197260-9d96-11cd-a000-000038fd8fe9,B0/COFPV/I-43-1@5,192.168.7.23
bec578fe-cfe1-4002-9507-d75cd3c589f2,S Tot.,VA,8e197260-9d96-11cd-a000-000038fd8fe9,B0/COFPV/I-43-1@5,192.168.7.23
79f1b5cf-4731-4c80-a18e-301c3f175a05,Ubc,V,8e197260-9d96-11cd-a000-000038fd8fe9,B0/COFPV/I-43-1@5,192.168.7.23
db857a92-ac80-4cbf-8282-844562b7bf5e,Uca,V,8e197260-9d96-11cd-a000-000038fd8fe9,B0/COFPV/I-43-1@5,192.168.7.23
ef859ba0-c0a0-4c5c-84f7-c843b08e9ee2,Ib,A,8e197260-9d96-11cd-a000-000038fd8fe9,B0/COFPV/I-43-1@5,192.168.7.23
9a267ed0-e732-4efa-a727-29c9a50765ae,Va,V,8e197260-9d96-11cd-a000-000038fd8fe9,B0/COFPV/I-43-1@5,192.168.7.23
49a98190-a51b-490c-b09d-4061bfc2b9fe,Vc,V,8e197260-9d96-11cd-a000-000038fd8fe9,B0/COFPV/I-43-1@5,192.168.7.23
0806a876-d794-4129-a168-739228f2be37,Q Tot.,var,8e197260-9d96-11cd-a000-000038fd8fe9,B0/COFPV/I-43-1@5,192.168.7.23
5ef1fc4b-0bfd-4b13-a174-835d154a0744,P Tot.,W,8e197260-9d96-11cd-a000-000038fd8fe9,B0/COFPV/I-43-1@5,192.168.7.23
9e959653-e0ad-485d-a9f8-d92ee9f98469,Total Ea-,Wh,8e197260-9d96-11cd-a000-000038fd8fe9,B0/COFPV/I-43-1@5,192.168.7.23
e13631b7-bec4-471e-9409-b6d5b93819c6,Uab,V,8e197260-9d96-11cd-a000-000038fd8fe9,B0/COFPV/I-43-1@5,192.168.7.23
679b69e4-406b-47f8-9938-5c4a0aef2234,Vb,V,8e197260-9d96-11cd-a000-000038fd8fe9,B0/COFPV/I-43-1@5,192.168.7.23
82d07ac3-0d55-49e4-9b19-9777531c5773,PF Tot.,-,8e197260-9d96-11cd-a000-000038fd8fe9,B0/COFPV/I-43-1@5,192.168.7.23
07314c5b-642a-4051-ab73-5681fd5151a6,Total Ea+,Wh,8e197260-9d96-11cd-a000-000038fd8fe9,B0/COFPV/I-43-1@5,192.168.7.23
4e118966-6cf3-495c-bd4e-f0db3c55f6a7,Ic,A,8e197260-9d96-11cd-a000-000038fd8fe9,B0/COFPV/I-43-1@5,192.168.7.23
35cac7ce-b1b5-4edc-bdc6-241a7efc6923,Total Er+,varh,8e197260-9d96-11cd-a000-000038fd8fe9,B0/COFPV/I-43-1@5,192.168.7.23
cf47e38f-322a-4ec4-949d-77ac1428b7f3,In,A,8e197260-9d96-11cd-a000-000038fd8fe9,B0/COFPV/I-43-1@5,192.168.7.23
114eb164-11c6-4064-838a-7c7d42f7cba1,Ia,A,8e197260-9d96-11cd-a000-000038fd8fe9,B0/COFPV/I-43-1@5,192.168.7.23
35d1a819-5f42-47ef-99d7-e5f12cf5a3ba,Ubc,V,8e197260-9d96-11cd-a000-000038fd8fe9,B0/COFPV/I-43-1@5,192.168.7.23
377b0f9b-bb09-477c-b240-d52c87fdec8e,Ib,A,8e197260-9d96-11cd-a000-000038fd8fe9,B0/COFPV/I-43-1@5,192.168.7.23
8314b8b8-cc49-4a42-8b74-ad2d164e94fe,Total Ea-,Wh,8e197260-9d96-11cd-a000-000038fd8fe9,B0/COFPV/I-43-1@5,192.168.7.23
57134cd0-7e2a-43d0-a71c-c2f00a815c60,Ia,A,8e197260-9d96-11cd-a000-000038fd8fe9,B0/COFPV/I-43-1@5,192.168.7.23
8a3ac829-3c42-4cda-b6bd-b3bd5c902461,Vb,V,8e197260-9d96-11cd-a000-000038fd8fe9,B0/COFPV/I-43-1@5,192.168.7.23
85d14dac-8e5c-477b-a0f8-3e7768fcc8ee,P Tot.,W,8e197260-9d96-11cd-a000-000038fd8fe9,B0/COFPV/I-43-1@5,192.168.7.23
1f241452-3ab5-45c9-a65e-8c62e3a9f673,Total Es,VAh,8e197260-9d96-11cd-a000-000038fd8fe9,B0/COFPV/I-43-1@5,192.168.7.23
ecbfc7cf-bcae-403e-9ea1-fb63bdbae33e,Ic,A,8e197260-9d96-11cd-a000-000038fd8fe9,B0/COFPV/I-43-1@5,192.168.7.23
2ff1ad96-7abd-4fbb-bf4f-ec34b7c761c9,Total Er-,varh,8e197260-9d96-11cd-a000-000038fd8fe9,B0/COFPV/I-43-1@5,192.168.7.23
51fab298-b491-4552-b108-aa4a35162034,Uca,V,8e197260-9d96-11cd-a000-000038fd8fe9,B0/COFPV/I-43-1@5,192.168.7.23
b7cb3e8a-7436-4c64-b366-3531d0b5bf7b,Uab,V,8e197260-9d96-11cd-a000-000038fd8fe9,B0/COFPV/I-43-1@5,192.168.7.23
32114eea-ff8d-417e-b244-bf96c82f6ef7,Total Er+,varh,8e197260-9d96-11cd-a000-000038fd8fe9,B0/COFPV/I-43-1@5,192.168.7.23
57a1749f-1512-47dd-b6d7-6a8a2be2e033,Total Ea+,Wh,8e197260-9d96-11cd-a000-000038fd8fe9,B0/COFPV/I-43-1@5,192.168.7.23
a7a909bf-a09f-44b7-ad5e-d9d6b0127a6c,Frequency,Hz,8e197260-9d96-11cd-a000-000038fd8fe9,B0/COFPV/I-43-1@5,192.168.7.23
a6f0036b-fc14-48b3-9c51-dd77c7209ea1,In,A,8e197260-9d96-11cd-a000-000038fd8fe9,B0/COFPV/I-43-1@5,192.168.7.23
406b9f42-e49a-48c2-98da-6510b76545a4,Va,V,8e197260-9d96-11cd-a000-000038fd8fe9,B0/COFPV/I-43-1@5,192.168.7.23
cef39190-96aa-4735-8b70-e1f30f03aad5,Vc,V,8e197260-9d96-11cd-a000-000038fd8fe9,B0/COFPV/I-43-1@5,192.168.7.23
e036011b-2852-47c1-83fd-ea60a9fad708,PF Tot.,-,8e197260-9d96-11cd-a000-000038fd8fe9,B0/COFPV/I-43-1@5,192.168.7.23
325462ec-c053-4bea-a1ba-73ac4f71640c,Q Tot.,var,8e197260-9d96-11cd-a000-000038fd8fe9,B0/COFPV/I-43-1@5,192.168.7.23
0f6cb522-72cc-45ad-9522-85f7d72a024c,S Tot.,VA,8e197260-9d96-11cd-a000-000038fd8fe9,B0/COFPV/I-43-1@5,192.168.7.23
003323b6-381e-40ab-b465-d65eb16382b3,Total Er-,varh,8e197260-9d96-11cd-a000-000038fd8fe9,B0/COFPV/I-43-1@5,192.168.7.23
6145c4e7-2eed-42bd-8d30-3fb44a0d9c1b,Uca,V,8e197260-9d96-11cd-a000-000038fd8fe9,B0/COFPV/I-43-1@5,192.168.7.23
0ef04e99-3280-484d-bec1-ecc49283d826,Q Tot.,var,8e197260-9d96-11cd-a000-000038fd8fe9,B0/COFPV/I-43-1@5,192.168.7.23
b078cad8-a94a-4ee8-bfcc-e3af7198fb3e,Vc,V,8e197260-9d96-11cd-a000-000038fd8fe9,B0/COFPV/I-43-1@5,192.168.7.23
ef28b515-2026-4f26-b030-e79f054aacee,Ia,A,8e197260-9d96-11cd-a000-000038fd8fe9,B0/COFPV/I-43-1@5,192.168.7.23
ceec3b1e-6d77-41ef-ada4-8be9d1e2d310,S Tot.,VA,8e197260-9d96-11cd-a000-000038fd8fe9,B0/COFPV/I-43-1@5,192.168.7.23
cc23279f-92e2-4796-9ab6-8262a1108bb1,In,A,8e197260-9d96-11cd-a000-000038fd8fe9,B0/COFPV/I-43-1@5,192.168.7.23
7a57e7f6-2ffb-43fb-b851-682274ae63b3,Ib,A,8e197260-9d96-11cd-a000-000038fd8fe9,B0/COFPV/I-43-1@5,192.168.7.23
054f3df8-e287-475f-91d7-fad2347d9940,Total Ea+,Wh,8e197260-9d96-11cd-a000-000038fd8fe9,B0/COFPV/I-43-1@5,192.168.7.23
31bbbea2-6e5e-4ed5-94b2-0607243c1714,Total Es,VAh,8e197260-9d96-11cd-a000-000038fd8fe9,B0/COFPV/I-43-1@5,192.168.7.23
2da1ccf8-a984-44fc-866d-0ddb1dbbc9ed,Vb,V,8e197260-9d96-11cd-a000-000038fd8fe9,B0/COFPV/I-43-1@5,192.168.7.23
84f1b95e-eef3-4e53-bab6-271a02e2d140,Total Ea-,Wh,8e197260-9d96-11cd-a000-000038fd8fe9,B0/COFPV/I-43-1@5,192.168.7.23
85b8468c-be04-4092-82e7-ae79204ecda1,Va,V,8e197260-9d96-11cd-a000-000038fd8fe9,B0/COFPV/I-43-1@5,192.168.7.23
b3195f2e-7071-4729-babd-47ca4f3e252e,P Tot.,W,8e197260-9d96-11cd-a000-000038fd8fe9,B0/COFPV/I-43-1@5,192.168.7.23
0af1e0a6-bf3c-4787-8fe3-5c38318aae0e,PF Tot.,-,8e197260-9d96-11cd-a000-000038fd8fe9,B0/COFPV/I-43-1@5,192.168.7.23
1ef47cdf-ef9f-4c09-8666-2212a7f6bd39,Ic,A,8e197260-9d96-11cd-a000-000038fd8fe9,B0/COFPV/I-43-1@5,192.168.7.23
77a6ac55-510d-4602-a6fd-15bb891720e8,Uab,V,8e197260-9d96-11cd-a000-000038fd8fe9,B0/COFPV/I-43-1@5,192.168.7.23
d4ec4b31-105a-4093-a3e9-412395c37115,Total Er+,varh,8e197260-9d96-11cd-a000-000038fd8fe9,B0/COFPV/I-43-1@5,192.168.7.23
6cbaeac1-fcc8-4a8b-b568-2cdac7aa0783,Frequency,Hz,8e197260-9d96-11cd-a000-000038fd8fe9,B0/COFPV/I-43-1@5,192.168.7.23
f6b3eb96-e773-4c49-b53e-ca2fc2dee0b8,Ubc,V,8e197260-9d96-11cd-a000-000038fd8fe9,B0/COFPV/I-43-1@5,192.168.7.23
ed8bdbc4-7ba1-4daf-8c3f-7262c7502511,Total Er+,varh,8e197260-9d96-11cd-a000-000038fd8fe9,B0/COFPV/I-43-1@5,192.168.7.23
d584a485-8d3b-41a9-8f88-38959e8d3acc,Ic,A,8e197260-9d96-11cd-a000-000038fd8fe9,B0/COFPV/I-43-1@5,192.168.7.23
14ca1560-66ec-417a-99ee-5f7e4ac8e4a1,P Tot.,W,8e197260-9d96-11cd-a000-000038fd8fe9,B0/COFPV/I-43-1@5,192.168.7.23
a825ef89-ff40-4bee-8749-cebce5f94191,Frequency,Hz,8e197260-9d96-11cd-a000-000038fd8fe9,B0/COFPV/I-43-1@5,192.168.7.23
95719a29-0041-429e-a064-2a8f3d48ba95,Total Er-,varh,8e197260-9d96-11cd-a000-000038fd8fe9,B0/COFPV/I-43-1@5,192.168.7.23
e61c1afd-79da-4716-adce-7a5abe105ff8,Vb,V,8e197260-9d96-11cd-a000-000038fd8fe9,B0/COFPV/I-43-1@5,192.168.7.23
83688683-9706-4d90-9527-cfae20e0850a,In,A,8e197260-9d96-11cd-a000-000038fd8fe9,B0/COFPV/I-43-1@5,192.168.7.23
1f20cdd8-1dce-4749-8790-48a2ca685a1a,Total Ea+,Wh,8e197260-9d96-11cd-a000-000038fd8fe9,B0/COFPV/I-43-1@5,192.168.7.23
4be60efb-29ba-49dd-af82-a947bb80ec5a,Ib,A,8e197260-9d96-11cd-a000-000038fd8fe9,B0/COFPV/I-43-1@5,192.168.7.23
e4abb515-567a-4d82-b9cb-36186a7ccff6,Total Ea-,Wh,8e197260-9d96-11cd-a000-000038fd8fe9,B0/COFPV/I-43-1@5,192.168.7.23
34626843-f89d-4504-8c75-e4fc369725eb,Uab,V,8e197260-9d96-11cd-a000-000038fd8fe9,B0/COFPV/I-43-1@5,192.168.7.23
8b817109-9c20-4404-95d0-07491b30f8b7,Uca,V,8e197260-9d96-11cd-a000-000038fd8fe9,B0/COFPV/I-43-1@5,192.168.7.23
d969a787-df09-40e5-a76b-4a5a6899aa2e,Q Tot.,var,8e197260-9d96-11cd-a000-000038fd8fe9,B0/COFPV/I-43-1@5,192.168.7.23
52634aaa-19ee-46e9-bf34-c2c72a058f0b,Ubc,V,8e197260-9d96-11cd-a000-000038fd8fe9,B0/COFPV/I-43-1@5,192.168.7.23
09f139c1-1073-4142-a910-7fa677da34b5,Vc,V,8e197260-9d96-11cd-a000-000038fd8fe9,B0/COFPV/I-43-1@5,192.168.7.23
308d483b-1511-4bb4-ab4b-e9534cd5e849,Total Es,VAh,8e197260-9d96-11cd-a000-000038fd8fe9,B0/COFPV/I-43-1@5,192.168.7.23
c5175a24-2938-455c-9c3e-86ab0930cfcd,S Tot.,VA,8e197260-9d96-11cd-a000-000038fd8fe9,B0/COFPV/I-43-1@5,192.168.7.23
f2dc5276-b461-43ab-8a2e-a56e8b574b70,PF Tot.,-,8e197260-9d96-11cd-a000-000038fd8fe9,B0/COFPV/I-43-1@5,192.168.7.23
a723416e-b72f-4fbb-a5c8-e1e9772400ac,Va,V,8e197260-9d96-11cd-a000-000038fd8fe9,B0/COFPV/I-43-1@5,192.168.7.23
097e9853-fca9-40d6-ae6b-28de891c2949,Ia,A,8e197260-9d96-11cd-a000-000038fd8fe9,B0/COFPV/I-43-1@5,192.168.7.23
b0da32ac-7c4a-4c9f-a7ae-080dc3b13a86,THD Vb,%,f2765d90-9b43-11cd-88ea-0000bdc8b6bc,B0/TD1/I-35-2@3,192.168.7.21
7150dde5-29b6-4fec-ae07-eef954126d86,Uab,V,f2765d90-9b43-11cd-88ea-0000bdc8b6bc,B0/TD1/I-35-2@3,192.168.7.21
47ba7440-b948-4c46-bbac-970b5cb85875,Negative active power history,W,f2765d90-9b43-11cd-88ea-0000bdc8b6bc,B0/TD1/I-35-2@3,192.168.7.21
9d4e7bf6-756f-445c-b959-33f35471b973,Vb,V,f2765d90-9b43-11cd-88ea-0000bdc8b6bc,B0/TD1/I-35-2@3,192.168.7.21
01db2140-19c7-4698-9b19-959f8a8f63a9,P Tot.,W,f2765d90-9b43-11cd-88ea-0000bdc8b6bc,B0/TD1/I-35-2@3,192.168.7.21
09ea7ccc-08b1-4704-9b03-4bc519512273,Vc,V,f2765d90-9b43-11cd-88ea-0000bdc8b6bc,B0/TD1/I-35-2@3,192.168.7.21
90f858f9-fd1e-4351-b400-f1b6b765d519,S Tot.,VA,f2765d90-9b43-11cd-88ea-0000bdc8b6bc,B0/TD1/I-35-2@3,192.168.7.21
2c756877-87a5-46ea-bf13-05e2304565d4,Apparent power history,VA,f2765d90-9b43-11cd-88ea-0000bdc8b6bc,B0/TD1/I-35-2@3,192.168.7.21
f4be5b1a-a664-427b-a1ae-1b19587a68b6,Total Es,VAh,f2765d90-9b43-11cd-88ea-0000bdc8b6bc,B0/TD1/I-35-2@3,192.168.7.21
0500a158-26fb-428d-93a5-38b87e41c9de,THD Ubc,%,f2765d90-9b43-11cd-88ea-0000bdc8b6bc,B0/TD1/I-35-2@3,192.168.7.21
e0f4a2aa-92e5-4f92-9384-fdd3e9549d8c,THD Ib,%,f2765d90-9b43-11cd-88ea-0000bdc8b6bc,B0/TD1/I-35-2@3,192.168.7.21
c8c52b51-a36c-46f1-afa0-ca35b0e04c71,THD Ic,%,f2765d90-9b43-11cd-88ea-0000bdc8b6bc,B0/TD1/I-35-2@3,192.168.7.21
e597438d-f9ba-4f06-b27b-d0d6ddc60b7b,THD Vc,%,f2765d90-9b43-11cd-88ea-0000bdc8b6bc,B0/TD1/I-35-2@3,192.168.7.21
8ad0e525-eb00-4c0a-a21f-48d98d90ef94,Total Er-,varh,f2765d90-9b43-11cd-88ea-0000bdc8b6bc,B0/TD1/I-35-2@3,192.168.7.21
3c738558-e4ec-4141-8aed-eed3a96ea78b,Ic,A,f2765d90-9b43-11cd-88ea-0000bdc8b6bc,B0/TD1/I-35-2@3,192.168.7.21
80f55f09-874a-46f6-9ed5-bc6c74e60ec7,THD Uab,%,f2765d90-9b43-11cd-88ea-0000bdc8b6bc,B0/TD1/I-35-2@3,192.168.7.21
37339dce-9d35-46fd-9abe-ee5758d43b9b,Total Ea+,Wh,f2765d90-9b43-11cd-88ea-0000bdc8b6bc,B0/TD1/I-35-2@3,192.168.7.21
f360e35f-7835-42de-a1fa-eb21b4ef8c38,Q Tot.,var,f2765d90-9b43-11cd-88ea-0000bdc8b6bc,B0/TD1/I-35-2@3,192.168.7.21
c127609b-4bf4-41d5-acae-e2dce494ad89,Positive reactive power history,var,f2765d90-9b43-11cd-88ea-0000bdc8b6bc,B0/TD1/I-35-2@3,192.168.7.21
6c69bee9-2d26-4641-9c8e-34780655dc37,Total Er+,varh,f2765d90-9b43-11cd-88ea-0000bdc8b6bc,B0/TD1/I-35-2@3,192.168.7.21
3b2bfc9b-d48e-4a70-9d78-c68ba40334b5,Frequency,Hz,f2765d90-9b43-11cd-88ea-0000bdc8b6bc,B0/TD1/I-35-2@3,192.168.7.21
cc44fe9b-9639-48e3-b8cb-1bbc379523ea,Total Ea-,Wh,f2765d90-9b43-11cd-88ea-0000bdc8b6bc,B0/TD1/I-35-2@3,192.168.7.21
87420b1c-aea4-41ce-98a1-66fee6846557,PF Tot.,-,f2765d90-9b43-11cd-88ea-0000bdc8b6bc,B0/TD1/I-35-2@3,192.168.7.21
835f7180-00c9-42d6-b0b7-4be8fd83841b,In,A,f2765d90-9b43-11cd-88ea-0000bdc8b6bc,B0/TD1/I-35-2@3,192.168.7.21
40d16ffd-21dc-4412-8924-8416568c4590,Positive active power history,W,f2765d90-9b43-11cd-88ea-0000bdc8b6bc,B0/TD1/I-35-2@3,192.168.7.21
ac467c8e-eb5c-4033-a719-8676067a1c95,Ubc,V,f2765d90-9b43-11cd-88ea-0000bdc8b6bc,B0/TD1/I-35-2@3,192.168.7.21
1dc9c2c1-3e45-41d7-b2a9-1af1a218aafc,THD Va,%,f2765d90-9b43-11cd-88ea-0000bdc8b6bc,B0/TD1/I-35-2@3,192.168.7.21
6be3b52b-075f-4a89-a035-53e111724e61,THD In,%,f2765d90-9b43-11cd-88ea-0000bdc8b6bc,B0/TD1/I-35-2@3,192.168.7.21
cdbaadae-ee02-49ef-bf52-7b98a81e5355,Va,V,f2765d90-9b43-11cd-88ea-0000bdc8b6bc,B0/TD1/I-35-2@3,192.168.7.21
2af4178a-9b36-488a-ab1a-714fb512d0e5,Ia,A,f2765d90-9b43-11cd-88ea-0000bdc8b6bc,B0/TD1/I-35-2@3,192.168.7.21
21075292-d24f-485a-8d9a-61e035bb5311,Negative reactive power history,var,f2765d90-9b43-11cd-88ea-0000bdc8b6bc,B0/TD1/I-35-2@3,192.168.7.21
048668f5-cd75-4ca3-a130-b5bc99ea5bd6,THD Ia,%,f2765d90-9b43-11cd-88ea-0000bdc8b6bc,B0/TD1/I-35-2@3,192.168.7.21
3d286490-405c-4c9d-9d3a-b38fb048cc4d,THD Uca,%,f2765d90-9b43-11cd-88ea-0000bdc8b6bc,B0/TD1/I-35-2@3,192.168.7.21
b063eae3-ecd6-4e8c-b6bb-06d26334c754,Uca,V,f2765d90-9b43-11cd-88ea-0000bdc8b6bc,B0/TD1/I-35-2@3,192.168.7.21
9d92f029-82fc-493b-b5d5-183ca43d2098,Ib,A,f2765d90-9b43-11cd-88ea-0000bdc8b6bc,B0/TD1/I-35-2@3,192.168.7.21
9f03c254-e4c5-4b45-820e-f424bb99ac2c,Negative reactive power history,var,f2763680-9b43-11cd-bf88-0000ff28e908,B0/TD1/I-35-1@2,192.168.7.21
f05bf09b-0160-4900-960e-4455347b4b84,THD Ia,%,f2763680-9b43-11cd-bf88-0000ff28e908,B0/TD1/I-35-1@2,192.168.7.21
9ee0df4f-f6bc-4c57-85f4-90ba6e64d9c2,THD Ubc,%,f2763680-9b43-11cd-bf88-0000ff28e908,B0/TD1/I-35-1@2,192.168.7.21
2b928f9d-95b0-4f01-978f-1e1750c63989,Uab,V,f2763680-9b43-11cd-bf88-0000ff28e908,B0/TD1/I-35-1@2,192.168.7.21
446a0009-f013-4f90-bb21-6e1a78fd8b3c,THD Uab,%,f2763680-9b43-11cd-bf88-0000ff28e908,B0/TD1/I-35-1@2,192.168.7.21
554bc169-5259-44d2-8e3a-7009d33c0632,THD Uca,%,f2763680-9b43-11cd-bf88-0000ff28e908,B0/TD1/I-35-1@2,192.168.7.21
9e63c5a0-da70-4aad-88ff-018931e328f6,PF Tot.,-,f2763680-9b43-11cd-bf88-0000ff28e908,B0/TD1/I-35-1@2,192.168.7.21
3459f23c-0ca6-4605-85c5-6e821b86a18c,Ib,A,f2763680-9b43-11cd-bf88-0000ff28e908,B0/TD1/I-35-1@2,192.168.7.21
99d0d643-a31d-453e-ae4a-f1924916229a,Total Er+,varh,f2763680-9b43-11cd-bf88-0000ff28e908,B0/TD1/I-35-1@2,192.168.7.21
7bad937d-72f6-41d6-8caf-bef34e60fd7f,In,A,f2763680-9b43-11cd-bf88-0000ff28e908,B0/TD1/I-35-1@2,192.168.7.21
b824f739-fa8b-4970-ac65-4bc31bb3d73b,Ia,A,f2763680-9b43-11cd-bf88-0000ff28e908,B0/TD1/I-35-1@2,192.168.7.21
b92555fb-7394-42ac-afbc-74b936d7526d,Ubc,V,f2763680-9b43-11cd-bf88-0000ff28e908,B0/TD1/I-35-1@2,192.168.7.21
3a75fad1-8ae6-428e-8257-f32a9465bf7a,Apparent power history,VA,f2763680-9b43-11cd-bf88-0000ff28e908,B0/TD1/I-35-1@2,192.168.7.21
9c2bb9d7-fba4-4e3f-b557-a7ec54604094,Vc,V,f2763680-9b43-11cd-bf88-0000ff28e908,B0/TD1/I-35-1@2,192.168.7.21
7edbc5aa-f6fe-49ec-9c1e-b8594ac70c05,Vb,V,f2763680-9b43-11cd-bf88-0000ff28e908,B0/TD1/I-35-1@2,192.168.7.21
f456942c-67e4-476d-9dbd-45aa8335819b,THD Ib,%,f2763680-9b43-11cd-bf88-0000ff28e908,B0/TD1/I-35-1@2,192.168.7.21
61f3e5f5-dbd7-4ae1-b665-9834b7684304,Total Ea-,Wh,f2763680-9b43-11cd-bf88-0000ff28e908,B0/TD1/I-35-1@2,192.168.7.21
f29aa9c2-122d-4190-99fc-f910a41e3c09,S Tot.,VA,f2763680-9b43-11cd-bf88-0000ff28e908,B0/TD1/I-35-1@2,192.168.7.21
170342d5-74e5-4ab9-b303-9aced9ce9698,Negative active power history,W,f2763680-9b43-11cd-bf88-0000ff28e908,B0/TD1/I-35-1@2,192.168.7.21
41085d76-c80f-4d8d-8d2a-bc1910d8a604,THD Vb,%,f2763680-9b43-11cd-bf88-0000ff28e908,B0/TD1/I-35-1@2,192.168.7.21
67fa1b74-fbde-4e06-be7c-bf72af810f39,THD Ic,%,f2763680-9b43-11cd-bf88-0000ff28e908,B0/TD1/I-35-1@2,192.168.7.21
48df8549-fef3-4d66-adde-69658e15a1e9,THD Vc,%,f2763680-9b43-11cd-bf88-0000ff28e908,B0/TD1/I-35-1@2,192.168.7.21
566fbe08-44fa-442a-9fb8-1eadf8f66da1,P Tot.,W,f2763680-9b43-11cd-bf88-0000ff28e908,B0/TD1/I-35-1@2,192.168.7.21
4e1d6094-9d50-47af-8137-e2bfed771475,Positive active power history,W,f2763680-9b43-11cd-bf88-0000ff28e908,B0/TD1/I-35-1@2,192.168.7.21
0ece5e3e-7a46-4631-ad9e-703d59233d1d,Ic,A,f2763680-9b43-11cd-bf88-0000ff28e908,B0/TD1/I-35-1@2,192.168.7.21
43fe1dfc-83c7-4943-8b75-67c07aab2b94,Va,V,f2763680-9b43-11cd-bf88-0000ff28e908,B0/TD1/I-35-1@2,192.168.7.21
792ef466-24e1-4369-91ee-e78d55f406cd,Total Ea+,Wh,f2763680-9b43-11cd-bf88-0000ff28e908,B0/TD1/I-35-1@2,192.168.7.21
b4f8600f-320a-44f2-a22f-b475a134186d,Total Es,VAh,f2763680-9b43-11cd-bf88-0000ff28e908,B0/TD1/I-35-1@2,192.168.7.21
8ed7946f-39db-46a9-ba24-87e50e50db2f,Positive reactive power history,var,f2763680-9b43-11cd-bf88-0000ff28e908,B0/TD1/I-35-1@2,192.168.7.21
06fb7c97-7a41-4e10-8366-913332291f61,Q Tot.,var,f2763680-9b43-11cd-bf88-0000ff28e908,B0/TD1/I-35-1@2,192.168.7.21
bb9f8b2f-1605-4f4e-8237-1cbd5915a95e,Total Er-,varh,f2763680-9b43-11cd-bf88-0000ff28e908,B0/TD1/I-35-1@2,192.168.7.21
f8c10de0-7bff-4d01-852c-228aeae9c5bd,Uca,V,f2763680-9b43-11cd-bf88-0000ff28e908,B0/TD1/I-35-1@2,192.168.7.21
4fd199fc-4821-4e06-baa0-c69dca4d744d,Frequency,Hz,f2763680-9b43-11cd-bf88-0000ff28e908,B0/TD1/I-35-1@2,192.168.7.21
605a84e3-b9be-4a45-bb7b-c2b939b9ed3d,THD In,%,f2763680-9b43-11cd-bf88-0000ff28e908,B0/TD1/I-35-1@2,192.168.7.21
a2bba529-cc0f-40ee-a505-bd555b28e296,THD Va,%,f2763680-9b43-11cd-bf88-0000ff28e908,B0/TD1/I-35-1@2,192.168.7.21
27b02367-8a12-4773-8027-906a0e28c190,THD Ic,%,94c205f0-9b43-11cd-bc0c-00000e1971b8,B0/TD2/I-35-2@3,192.168.7.20
f8734970-71d9-467c-aea2-2e3308af2da2,THD Ia,%,94c205f0-9b43-11cd-bc0c-00000e1971b8,B0/TD2/I-35-2@3,192.168.7.20
071619c0-2138-44a2-af3b-3aeec844d066,THD In,%,94c205f0-9b43-11cd-bc0c-00000e1971b8,B0/TD2/I-35-2@3,192.168.7.20
f668e105-193e-4c6e-a8b0-e1eba8de3a6e,Negative reactive power history,var,94c205f0-9b43-11cd-bc0c-00000e1971b8,B0/TD2/I-35-2@3,192.168.7.20
38daab4d-c1ec-4b9a-b5fe-8ec8e0f4ab7f,Total Es,VAh,94c205f0-9b43-11cd-bc0c-00000e1971b8,B0/TD2/I-35-2@3,192.168.7.20
b7546a80-2e61-494f-9caa-414624af3ed3,Uab,V,94c205f0-9b43-11cd-bc0c-00000e1971b8,B0/TD2/I-35-2@3,192.168.7.20
5418002b-8640-4460-a5dc-3cf4aff79697,Positive active power history,W,94c205f0-9b43-11cd-bc0c-00000e1971b8,B0/TD2/I-35-2@3,192.168.7.20
deb081cd-7683-4228-a657-3326a265ade7,Positive reactive power history,var,94c205f0-9b43-11cd-bc0c-00000e1971b8,B0/TD2/I-35-2@3,192.168.7.20
644f3ba7-3686-446c-8227-5347d1d4fbbb,In,A,94c205f0-9b43-11cd-bc0c-00000e1971b8,B0/TD2/I-35-2@3,192.168.7.20
cd6d3edf-3874-4e49-b66f-3fa42a875de5,Apparent power history,VA,94c205f0-9b43-11cd-bc0c-00000e1971b8,B0/TD2/I-35-2@3,192.168.7.20
2c39cec8-4252-4c77-8b7c-94ab95f00a37,Vb,V,94c205f0-9b43-11cd-bc0c-00000e1971b8,B0/TD2/I-35-2@3,192.168.7.20
7bf0b053-7126-472e-aa81-10df03f61244,Va,V,94c205f0-9b43-11cd-bc0c-00000e1971b8,B0/TD2/I-35-2@3,192.168.7.20
abff53a4-9b6d-409f-a81d-2c62e86e4fc2,Ic,A,94c205f0-9b43-11cd-bc0c-00000e1971b8,B0/TD2/I-35-2@3,192.168.7.20
de0cfa68-ef34-45c6-9190-6d0b074be2c2,S Tot.,VA,94c205f0-9b43-11cd-bc0c-00000e1971b8,B0/TD2/I-35-2@3,192.168.7.20
405f389a-4495-40fc-8b3c-594a41dbc522,THD Uca,%,94c205f0-9b43-11cd-bc0c-00000e1971b8,B0/TD2/I-35-2@3,192.168.7.20
8a0b5b7f-cffc-4572-befc-b52625658c82,THD Vc,%,94c205f0-9b43-11cd-bc0c-00000e1971b8,B0/TD2/I-35-2@3,192.168.7.20
2c784b61-c667-45a0-b0d2-25cdbea9ec1e,THD Ubc,%,94c205f0-9b43-11cd-bc0c-00000e1971b8,B0/TD2/I-35-2@3,192.168.7.20
b9a18f0b-f6ad-4d07-8892-0ba883704609,PF Tot.,-,94c205f0-9b43-11cd-bc0c-00000e1971b8,B0/TD2/I-35-2@3,192.168.7.20
2adba018-8da2-4560-9f9e-64df4b159b6f,Uca,V,94c205f0-9b43-11cd-bc0c-00000e1971b8,B0/TD2/I-35-2@3,192.168.7.20
62e0d2f0-74c1-42c6-8d41-40d2a032ee16,Vc,V,94c205f0-9b43-11cd-bc0c-00000e1971b8,B0/TD2/I-35-2@3,192.168.7.20
63d8884d-5354-41b9-9aef-5d6a620a462d,Total Ea-,Wh,94c205f0-9b43-11cd-bc0c-00000e1971b8,B0/TD2/I-35-2@3,192.168.7.20
d073e607-3bdc-404c-9c48-b2f93a77657a,THD Vb,%,94c205f0-9b43-11cd-bc0c-00000e1971b8,B0/TD2/I-35-2@3,192.168.7.20
a82cdbfb-bfa3-429c-84c3-cab701982cbb,Negative active power history,W,94c205f0-9b43-11cd-bc0c-00000e1971b8,B0/TD2/I-35-2@3,192.168.7.20
f22fb6c4-a059-47f9-a8ee-d9a575184f63,Ia,A,94c205f0-9b43-11cd-bc0c-00000e1971b8,B0/TD2/I-35-2@3,192.168.7.20
82be61f7-0026-4abe-8e9d-d960df7ffdc0,Ubc,V,94c205f0-9b43-11cd-bc0c-00000e1971b8,B0/TD2/I-35-2@3,192.168.7.20
131be744-6676-47c2-9d8d-c6b503c7220b,P Tot.,W,94c205f0-9b43-11cd-bc0c-00000e1971b8,B0/TD2/I-35-2@3,192.168.7.20
5bc5e70d-7295-4624-af04-2b30084992b6,THD Uab,%,94c205f0-9b43-11cd-bc0c-00000e1971b8,B0/TD2/I-35-2@3,192.168.7.20
50b964c4-5185-4ca7-bc36-102597e2bd88,Q Tot.,var,94c205f0-9b43-11cd-bc0c-00000e1971b8,B0/TD2/I-35-2@3,192.168.7.20
df15c515-c24e-4d62-896e-62fed3a9a5b4,Total Er-,varh,94c205f0-9b43-11cd-bc0c-00000e1971b8,B0/TD2/I-35-2@3,192.168.7.20
eecfed89-60df-4a10-b98a-aae3cb02cbdc,THD Ib,%,94c205f0-9b43-11cd-bc0c-00000e1971b8,B0/TD2/I-35-2@3,192.168.7.20
506c930d-59d9-42ad-b3c3-4fc6bb694738,Total Er+,varh,94c205f0-9b43-11cd-bc0c-00000e1971b8,B0/TD2/I-35-2@3,192.168.7.20
91db172a-171f-4137-8c73-d3bd1aa5aeca,Ib,A,94c205f0-9b43-11cd-bc0c-00000e1971b8,B0/TD2/I-35-2@3,192.168.7.20
0eb69057-fdec-4055-854d-0b832688bc14,Frequency,Hz,94c205f0-9b43-11cd-bc0c-00000e1971b8,B0/TD2/I-35-2@3,192.168.7.20
6d581530-cd50-4dc3-ac58-635a9a2257ad,THD Va,%,94c205f0-9b43-11cd-bc0c-00000e1971b8,B0/TD2/I-35-2@3,192.168.7.20
d089909d-6722-41c4-aa16-c78af66dcc46,Total Ea+,Wh,94c205f0-9b43-11cd-bc0c-00000e1971b8,B0/TD2/I-35-2@3,192.168.7.20
45f9e196-ef70-4df0-90c2-1e51628f4957,THD Va,%,94c1dee0-9b43-11cd-b712-0000b858f705,B0/TD2/I-35-1@2,192.168.7.20
eba9db95-7b31-44cf-a715-08bc75d3976c,P Tot.,W,94c1dee0-9b43-11cd-b712-0000b858f705,B0/TD2/I-35-1@2,192.168.7.20
d3d4466d-b643-4c97-aba9-8cdccdf2eb7b,Vc,V,94c1dee0-9b43-11cd-b712-0000b858f705,B0/TD2/I-35-1@2,192.168.7.20
077098c1-6760-49a0-805a-23400172562a,In,A,94c1dee0-9b43-11cd-b712-0000b858f705,B0/TD2/I-35-1@2,192.168.7.20
bb692e51-5689-4e25-b68d-7220a27561cb,Apparent power history,VA,94c1dee0-9b43-11cd-b712-0000b858f705,B0/TD2/I-35-1@2,192.168.7.20
a2b1cd84-b7f2-4365-97fa-79169f2f2276,THD Vb,%,94c1dee0-9b43-11cd-b712-0000b858f705,B0/TD2/I-35-1@2,192.168.7.20
25b672c4-c245-47cb-a365-1741d45f279f,Va,V,94c1dee0-9b43-11cd-b712-0000b858f705,B0/TD2/I-35-1@2,192.168.7.20
f0dca7f7-1f45-4022-9f81-994f2b33f498,THD Ic,%,94c1dee0-9b43-11cd-b712-0000b858f705,B0/TD2/I-35-1@2,192.168.7.20
c98288f9-20a1-4a06-af2e-8b8da08d07aa,Ic,A,94c1dee0-9b43-11cd-b712-0000b858f705,B0/TD2/I-35-1@2,192.168.7.20
6fa4ca98-5483-4918-b57d-dfba99e1f62d,THD In,%,94c1dee0-9b43-11cd-b712-0000b858f705,B0/TD2/I-35-1@2,192.168.7.20
5fd61f0a-e842-4c34-8c3f-5920813cec7c,Positive reactive power history,var,94c1dee0-9b43-11cd-b712-0000b858f705,B0/TD2/I-35-1@2,192.168.7.20
082fbbfd-cca0-429c-aa18-77ec20f9e5f2,Negative active power history,W,94c1dee0-9b43-11cd-b712-0000b858f705,B0/TD2/I-35-1@2,192.168.7.20
f478d1a8-ac5d-4eb6-83e4-c7f3f509aa19,Frequency,Hz,94c1dee0-9b43-11cd-b712-0000b858f705,B0/TD2/I-35-1@2,192.168.7.20
3a16bb88-0617-4fa7-a484-56b093c0b84d,Total Ea-,Wh,94c1dee0-9b43-11cd-b712-0000b858f705,B0/TD2/I-35-1@2,192.168.7.20
f4f85af1-10a3-4d5a-9c0f-bf47959d868a,THD Vc,%,94c1dee0-9b43-11cd-b712-0000b858f705,B0/TD2/I-35-1@2,192.168.7.20
9d1d90e4-65d2-476a-b4dd-d998443ee35d,Uca,V,94c1dee0-9b43-11cd-b712-0000b858f705,B0/TD2/I-35-1@2,192.168.7.20
e3514645-1992-47f2-9012-bbb94305e4ea,THD Uca,%,94c1dee0-9b43-11cd-b712-0000b858f705,B0/TD2/I-35-1@2,192.168.7.20
31218e53-4399-4bc3-856f-d3fe54669e1a,Negative reactive power history,var,94c1dee0-9b43-11cd-b712-0000b858f705,B0/TD2/I-35-1@2,192.168.7.20
16b64770-e11a-431b-adc0-d9d5afeace18,Ib,A,94c1dee0-9b43-11cd-b712-0000b858f705,B0/TD2/I-35-1@2,192.168.7.20
53272aa4-c143-4715-8cdf-0c40228f4324,THD Ia,%,94c1dee0-9b43-11cd-b712-0000b858f705,B0/TD2/I-35-1@2,192.168.7.20
d8eb599c-fd2f-430c-a844-cea30d100fdd,THD Ib,%,94c1dee0-9b43-11cd-b712-0000b858f705,B0/TD2/I-35-1@2,192.168.7.20
c0f092c3-28c8-4463-8a72-877b5acb6cc4,THD Ubc,%,94c1dee0-9b43-11cd-b712-0000b858f705,B0/TD2/I-35-1@2,192.168.7.20
6426d2f7-abe0-4977-9341-b36f0760ea26,Total Es,VAh,94c1dee0-9b43-11cd-b712-0000b858f705,B0/TD2/I-35-1@2,192.168.7.20
536ebbfc-6fc0-4341-9a5d-a04c22baf84f,Total Er+,varh,94c1dee0-9b43-11cd-b712-0000b858f705,B0/TD2/I-35-1@2,192.168.7.20
7b66bc39-87a4-4dba-aa52-49a819321555,Total Ea+,Wh,94c1dee0-9b43-11cd-b712-0000b858f705,B0/TD2/I-35-1@2,192.168.7.20
652b7738-e6d8-4059-af2f-7f321d8091ce,Total Er-,varh,94c1dee0-9b43-11cd-b712-0000b858f705,B0/TD2/I-35-1@2,192.168.7.20
0b5830ad-be56-4eaa-b9dc-e64118c3305a,Positive active power history,W,94c1dee0-9b43-11cd-b712-0000b858f705,B0/TD2/I-35-1@2,192.168.7.20
980ffb1d-cfae-4703-91a8-15217af51dd2,Uab,V,94c1dee0-9b43-11cd-b712-0000b858f705,B0/TD2/I-35-1@2,192.168.7.20
31585503-7690-4679-a1ab-b92eee8fc5c9,Q Tot.,var,94c1dee0-9b43-11cd-b712-0000b858f705,B0/TD2/I-35-1@2,192.168.7.20
707c266c-d2d0-40a3-aacb-f0b39900c8c3,Ubc,V,94c1dee0-9b43-11cd-b712-0000b858f705,B0/TD2/I-35-1@2,192.168.7.20
56c0ece5-53af-4712-b22c-f4a7f58adbe3,Ia,A,94c1dee0-9b43-11cd-b712-0000b858f705,B0/TD2/I-35-1@2,192.168.7.20
217e3526-2420-4024-b804-f2fa118dcf09,THD Uab,%,94c1dee0-9b43-11cd-b712-0000b858f705,B0/TD2/I-35-1@2,192.168.7.20
8cd943ab-7090-423a-8f39-0422aae14126,S Tot.,VA,94c1dee0-9b43-11cd-b712-0000b858f705,B0/TD2/I-35-1@2,192.168.7.20
efaed1c6-70c0-4275-8f99-0f899eaf21fd,Vb,V,94c1dee0-9b43-11cd-b712-0000b858f705,B0/TD2/I-35-1@2,192.168.7.20
18821dad-c2a4-47ba-be8c-f339f335dfae,PF Tot.,-,94c1dee0-9b43-11cd-b712-0000b858f705,B0/TD2/I-35-1@2,192.168.7.20
33a241da-09c0-4dd2-b7a4-9228c889887b,Total Es,VAh,8bd87cf3-8204-4b70-a2a3-f85f4aaece32,B0/TDX/B10L,192.168.7.100
fb1899b8-28a5-4480-a988-f356c4a41c53,Total Er+,varh,8bd87cf3-8204-4b70-a2a3-f85f4aaece32,B0/TDX/B10L,192.168.7.100
f619aa67-69d8-4956-b681-0226ae7879e7,Total Ea+,Wh,8bd87cf3-8204-4b70-a2a3-f85f4aaece32,B0/TDX/B10L,192.168.7.100
80a426dc-9955-403a-b6ad-780dbf4129ce,Total Ea-,Wh,8bd87cf3-8204-4b70-a2a3-f85f4aaece32,B0/TDX/B10L,192.168.7.100
0c1a9f11-713a-4d3a-9321-af5588cf3e8b,Total Er-,varh,8bd87cf3-8204-4b70-a2a3-f85f4aaece32,B0/TDX/B10L,192.168.7.100
7825ae8c-8604-4b80-9a1e-fcd463282917,Total Ea+,Wh,97cabd2c-3b16-4800-a9e6-e880a568d35d,B1/TD1/B10L,192.168.7.100
34c3e560-2e75-471b-b4f6-2cf54cdb2def,Total Er+,varh,97cabd2c-3b16-4800-a9e6-e880a568d35d,B1/TD1/B10L,192.168.7.100
4cfe1de9-49ff-4c82-9411-b7374ba401b4,Total Es,VAh,97cabd2c-3b16-4800-a9e6-e880a568d35d,B1/TD1/B10L,192.168.7.100
ba09825a-9fb6-48ca-b380-f9cba8ee29e3,Total Er-,varh,97cabd2c-3b16-4800-a9e6-e880a568d35d,B1/TD1/B10L,192.168.7.100
97cc0985-5a76-4ca3-afed-f724d4ef17bb,Total Ea-,Wh,97cabd2c-3b16-4800-a9e6-e880a568d35d,B1/TD1/B10L,192.168.7.100
fe16006a-b12b-4f26-8c4c-b0714c71a814,Total Es,VAh,65d976b0-9b4d-11cd-bebf-00007702ad5a,B1/TD3/I-35-1@5,192.168.7.22
d3452591-0564-4097-a381-a81cb288cf2b,S Tot.,VA,65d976b0-9b4d-11cd-bebf-00007702ad5a,B1/TD3/I-35-1@5,192.168.7.22
b8716e85-e945-420e-a7e8-786c7cdae40f,Total Ea+,Wh,65d976b0-9b4d-11cd-bebf-00007702ad5a,B1/TD3/I-35-1@5,192.168.7.22
79b72e91-02cb-4639-86c0-10477b8675c6,THD Uab,%,65d976b0-9b4d-11cd-bebf-00007702ad5a,B1/TD3/I-35-1@5,192.168.7.22
22e195a1-30ca-4d2b-a533-0be1b4e93f23,P Tot.,W,65d976b0-9b4d-11cd-bebf-00007702ad5a,B1/TD3/I-35-1@5,192.168.7.22
215757c1-a8b8-4b47-b0e2-e33484e5c70a,Positive reactive power history,var,65d976b0-9b4d-11cd-bebf-00007702ad5a,B1/TD3/I-35-1@5,192.168.7.22
3b4af004-c6ab-4f53-a33c-d19e703b9bed,Ubc,V,65d976b0-9b4d-11cd-bebf-00007702ad5a,B1/TD3/I-35-1@5,192.168.7.22
0003f0b5-48d0-468e-a1cd-b567dbc6dc28,THD Va,%,65d976b0-9b4d-11cd-bebf-00007702ad5a,B1/TD3/I-35-1@5,192.168.7.22
f084abb7-6f04-4a98-8deb-9408bd3563d5,In,A,65d976b0-9b4d-11cd-bebf-00007702ad5a,B1/TD3/I-35-1@5,192.168.7.22
c7dde9ca-1d74-4110-8adc-b19c6aa0a7c2,THD Ib,%,65d976b0-9b4d-11cd-bebf-00007702ad5a,B1/TD3/I-35-1@5,192.168.7.22
57da9be9-8a86-4e1c-93cc-f20472ce31ad,Total Ea-,Wh,65d976b0-9b4d-11cd-bebf-00007702ad5a,B1/TD3/I-35-1@5,192.168.7.22
1961ed7e-149a-453b-aa28-379b02f0e90c,THD Vc,%,65d976b0-9b4d-11cd-bebf-00007702ad5a,B1/TD3/I-35-1@5,192.168.7.22
6d787129-77c1-434a-a353-269a963d60f3,Uca,V,65d976b0-9b4d-11cd-bebf-00007702ad5a,B1/TD3/I-35-1@5,192.168.7.22
5494779b-49fe-431a-8b50-4f2f372aefe7,Total Er+,varh,65d976b0-9b4d-11cd-bebf-00007702ad5a,B1/TD3/I-35-1@5,192.168.7.22
84539f0d-9739-4fd3-8336-97df2a01fa89,THD Vb,%,65d976b0-9b4d-11cd-bebf-00007702ad5a,B1/TD3/I-35-1@5,192.168.7.22
71ddf71c-22da-43ec-b0d2-ad1fb9d8b07e,Negative reactive power history,var,65d976b0-9b4d-11cd-bebf-00007702ad5a,B1/TD3/I-35-1@5,192.168.7.22
39956233-14df-4ec2-86b9-cdf99bdc52f8,Ic,A,65d976b0-9b4d-11cd-bebf-00007702ad5a,B1/TD3/I-35-1@5,192.168.7.22
84ebd596-85cc-433a-9746-01955207447c,Vc,V,65d976b0-9b4d-11cd-bebf-00007702ad5a,B1/TD3/I-35-1@5,192.168.7.22
6dd8252a-de3f-4dcc-a320-9f7d7fcab9c0,Total Er-,varh,65d976b0-9b4d-11cd-bebf-00007702ad5a,B1/TD3/I-35-1@5,192.168.7.22
ed060ab5-2f78-4151-8c70-7faa53466976,THD Ubc,%,65d976b0-9b4d-11cd-bebf-00007702ad5a,B1/TD3/I-35-1@5,192.168.7.22
a4f14524-da5e-454b-b08e-fc603ce6776b,PF Tot.,-,65d976b0-9b4d-11cd-bebf-00007702ad5a,B1/TD3/I-35-1@5,192.168.7.22
728bd2b8-5b44-420e-a7d1-3da12fcd5f95,Q Tot.,var,65d976b0-9b4d-11cd-bebf-00007702ad5a,B1/TD3/I-35-1@5,192.168.7.22
578e1d57-0e12-43d3-9d7c-5e9bae1607f6,Vb,V,65d976b0-9b4d-11cd-bebf-00007702ad5a,B1/TD3/I-35-1@5,192.168.7.22
ce4924f8-e9e1-4083-a321-0f82a88a7637,Va,V,65d976b0-9b4d-11cd-bebf-00007702ad5a,B1/TD3/I-35-1@5,192.168.7.22
d54c2ed5-e158-4471-89c9-50ff04f3d1b2,THD In,%,65d976b0-9b4d-11cd-bebf-00007702ad5a,B1/TD3/I-35-1@5,192.168.7.22
037ba188-5576-4668-a68a-222575dcccbc,Uab,V,65d976b0-9b4d-11cd-bebf-00007702ad5a,B1/TD3/I-35-1@5,192.168.7.22
5f27f739-d7f1-44f4-83b1-1fe5cdb6db95,Negative active power history,W,65d976b0-9b4d-11cd-bebf-00007702ad5a,B1/TD3/I-35-1@5,192.168.7.22
595ccda1-96f8-481b-bae2-393cd9dc0b40,Frequency,Hz,65d976b0-9b4d-11cd-bebf-00007702ad5a,B1/TD3/I-35-1@5,192.168.7.22
644ec2ea-5f1d-4f07-89dd-f95ed3dec325,Ib,A,65d976b0-9b4d-11cd-bebf-00007702ad5a,B1/TD3/I-35-1@5,192.168.7.22
90d43685-f7ab-4205-8239-e4becee78e01,THD Uca,%,65d976b0-9b4d-11cd-bebf-00007702ad5a,B1/TD3/I-35-1@5,192.168.7.22
dade9166-c179-4d6d-90b3-5149e6daae6d,Ia,A,65d976b0-9b4d-11cd-bebf-00007702ad5a,B1/TD3/I-35-1@5,192.168.7.22
a9ac4963-d7a4-4792-93dc-261fdf6f6614,THD Ia,%,65d976b0-9b4d-11cd-bebf-00007702ad5a,B1/TD3/I-35-1@5,192.168.7.22
fb4efb80-26d6-4f4a-932e-83ed95354f99,Positive active power history,W,65d976b0-9b4d-11cd-bebf-00007702ad5a,B1/TD3/I-35-1@5,192.168.7.22
86e38995-1ea9-45c1-a7ab-6e5f18753dd1,THD Ic,%,65d976b0-9b4d-11cd-bebf-00007702ad5a,B1/TD3/I-35-1@5,192.168.7.22
1172b453-a53d-4c11-854c-29fcf905bf9b,Apparent power history,VA,65d976b0-9b4d-11cd-bebf-00007702ad5a,B1/TD3/I-35-1@5,192.168.7.22
a525d869-472b-4f2a-9663-226af74cc4a8,Total Er+,varh,0639ac9d-d336-488f-9e08-de5209b02273,B2/TDCHAU/B10L,192.168.7.100
ffc04ea2-4cce-477e-b0b8-611d22746a6d,Total Er-,varh,0639ac9d-d336-488f-9e08-de5209b02273,B2/TDCHAU/B10L,192.168.7.100
309f7dc1-5ffe-4ed4-b9fb-c9be741bad65,Total Ea-,Wh,0639ac9d-d336-488f-9e08-de5209b02273,B2/TDCHAU/B10L,192.168.7.100
957879b4-56dc-4e87-8606-446db93df09b,Total Es,VAh,0639ac9d-d336-488f-9e08-de5209b02273,B2/TDCHAU/B10L,192.168.7.100
99b7188c-a43c-4ba1-a9bf-28f53684e8ab,Total Ea+,Wh,0639ac9d-d336-488f-9e08-de5209b02273,B2/TDCHAU/B10L,192.168.7.100
40465973-cc77-404d-9ec2-b4181f1b2b42,Total Ea-,Wh,a3065f91-ced9-4ce3-a6ba-c34e9eb23326,B2/TDCTA/B10L,192.168.7.100
f695c22a-a401-4cd9-afca-c8dfac87fa30,Total Er+,varh,a3065f91-ced9-4ce3-a6ba-c34e9eb23326,B2/TDCTA/B10L,192.168.7.100
7fa39ce3-8bd7-4cb1-9461-c1a2fd62628c,Total Ea+,Wh,a3065f91-ced9-4ce3-a6ba-c34e9eb23326,B2/TDCTA/B10L,192.168.7.100
d02adf4d-5142-4102-8704-f89d649e0125,Total Er-,varh,a3065f91-ced9-4ce3-a6ba-c34e9eb23326,B2/TDCTA/B10L,192.168.7.100
534d9060-8434-4079-a10b-d933193ccd2b,Total Es,VAh,a3065f91-ced9-4ce3-a6ba-c34e9eb23326,B2/TDCTA/B10L,192.168.7.100
f549dbff-525c-41f3-bed0-54a9cc5b1ed0,Ic,A,06ae0910-9b45-11cd-8d5b-0000019ca526,C1/TD1/I-35-1@5,192.168.7.30
6cad6d91-7246-4e9f-af66-435f01cd7ea9,PF Tot.,-,06ae0910-9b45-11cd-8d5b-0000019ca526,C1/TD1/I-35-1@5,192.168.7.30
31cea110-651d-4cd2-8edf-add92b13bf17,P Tot.,W,06ae0910-9b45-11cd-8d5b-0000019ca526,C1/TD1/I-35-1@5,192.168.7.30
ba2003e2-726a-4a55-a07a-4302a073d43a,THD Vb,%,06ae0910-9b45-11cd-8d5b-0000019ca526,C1/TD1/I-35-1@5,192.168.7.30
d73098d9-bfc9-4990-a790-e3b09e14b5d6,THD Va,%,06ae0910-9b45-11cd-8d5b-0000019ca526,C1/TD1/I-35-1@5,192.168.7.30
c3a271c9-2954-4f6f-876a-c8cd6650dd02,Q Tot.,var,06ae0910-9b45-11cd-8d5b-0000019ca526,C1/TD1/I-35-1@5,192.168.7.30
f4055433-1944-4a8d-8888-dc7f8d29dc42,Ubc,V,06ae0910-9b45-11cd-8d5b-0000019ca526,C1/TD1/I-35-1@5,192.168.7.30
7d85d3d4-55d3-4197-8288-e849507b1902,THD Ib,%,06ae0910-9b45-11cd-8d5b-0000019ca526,C1/TD1/I-35-1@5,192.168.7.30
fe6db02d-a207-477b-ac84-be1fe7c02905,Total Ea-,Wh,06ae0910-9b45-11cd-8d5b-0000019ca526,C1/TD1/I-35-1@5,192.168.7.30
494c5341-2346-45b3-a46e-e86d5e2a92db,In,A,06ae0910-9b45-11cd-8d5b-0000019ca526,C1/TD1/I-35-1@5,192.168.7.30
66b3b8fd-51d0-405c-aaa0-fbdfbdc6a310,Total Ea+,Wh,06ae0910-9b45-11cd-8d5b-0000019ca526,C1/TD1/I-35-1@5,192.168.7.30
6ecbd001-97f9-494e-9032-e5376fef5abb,S Tot.,VA,06ae0910-9b45-11cd-8d5b-0000019ca526,C1/TD1/I-35-1@5,192.168.7.30
77e0e876-a497-4dcb-9861-a1ad4e35d4c7,THD Uab,%,06ae0910-9b45-11cd-8d5b-0000019ca526,C1/TD1/I-35-1@5,192.168.7.30
b604c235-bc37-44e7-8650-8389e7c66ee0,Negative reactive power history,var,06ae0910-9b45-11cd-8d5b-0000019ca526,C1/TD1/I-35-1@5,192.168.7.30
647cd50f-26a8-4a06-9bb2-e4b8f8f4eab2,Total Er+,varh,06ae0910-9b45-11cd-8d5b-0000019ca526,C1/TD1/I-35-1@5,192.168.7.30
eb25a637-be10-46fc-bc4b-10a40176256b,Frequency,Hz,06ae0910-9b45-11cd-8d5b-0000019ca526,C1/TD1/I-35-1@5,192.168.7.30
d1a0e50e-044f-4d95-882c-ade6038bb925,Positive reactive power history,var,06ae0910-9b45-11cd-8d5b-0000019ca526,C1/TD1/I-35-1@5,192.168.7.30
4178df13-737d-4997-b5db-37843b84dd10,Ia,A,06ae0910-9b45-11cd-8d5b-0000019ca526,C1/TD1/I-35-1@5,192.168.7.30
82ec4ed9-bcf4-47cc-b0f6-5a5e8344aa37,Negative active power history,W,06ae0910-9b45-11cd-8d5b-0000019ca526,C1/TD1/I-35-1@5,192.168.7.30
c9b1c1a7-2f6c-41f3-beef-11e222a30d37,Vb,V,06ae0910-9b45-11cd-8d5b-0000019ca526,C1/TD1/I-35-1@5,192.168.7.30
d79990d3-47cd-449a-bf86-0a420d24d5f8,Vc,V,06ae0910-9b45-11cd-8d5b-0000019ca526,C1/TD1/I-35-1@5,192.168.7.30
98256969-842b-48ca-a07a-021f8cd1d713,Uca,V,06ae0910-9b45-11cd-8d5b-0000019ca526,C1/TD1/I-35-1@5,192.168.7.30
54b20ead-9d15-4eea-b497-4bb169a4bbee,Ib,A,06ae0910-9b45-11cd-8d5b-0000019ca526,C1/TD1/I-35-1@5,192.168.7.30
41aa426a-2ac9-4dde-b44e-a111b53fba9e,THD Ubc,%,06ae0910-9b45-11cd-8d5b-0000019ca526,C1/TD1/I-35-1@5,192.168.7.30
00ac9b75-7005-4c9d-af65-85cdc12ce6bb,Uab,V,06ae0910-9b45-11cd-8d5b-0000019ca526,C1/TD1/I-35-1@5,192.168.7.30
2b9f4bb2-49ff-487c-9b53-a93a76438847,Va,V,06ae0910-9b45-11cd-8d5b-0000019ca526,C1/TD1/I-35-1@5,192.168.7.30
bba8f337-5459-45f8-8b6b-df797a4df184,Positive active power history,W,06ae0910-9b45-11cd-8d5b-0000019ca526,C1/TD1/I-35-1@5,192.168.7.30
67a1a906-f052-4471-9bbb-67c05270b30b,THD Ic,%,06ae0910-9b45-11cd-8d5b-0000019ca526,C1/TD1/I-35-1@5,192.168.7.30
289f31f6-0705-4112-a217-a613fc3eda9e,THD Vc,%,06ae0910-9b45-11cd-8d5b-0000019ca526,C1/TD1/I-35-1@5,192.168.7.30
f2d4faca-062b-406e-8b6e-bb93cd7bf09b,THD In,%,06ae0910-9b45-11cd-8d5b-0000019ca526,C1/TD1/I-35-1@5,192.168.7.30
1c3a91fc-a2ed-4ce9-a302-24c0ce098f6b,THD Uca,%,06ae0910-9b45-11cd-8d5b-0000019ca526,C1/TD1/I-35-1@5,192.168.7.30
ec50c9e7-b72e-4add-a842-cd64dba21175,Total Er-,varh,06ae0910-9b45-11cd-8d5b-0000019ca526,C1/TD1/I-35-1@5,192.168.7.30
cfc2268a-444b-4821-bdd7-ddf675abb318,Total Es,VAh,06ae0910-9b45-11cd-8d5b-0000019ca526,C1/TD1/I-35-1@5,192.168.7.30
ed139cca-0d32-4e0e-8e58-dc7fc835d14e,Apparent power history,VA,06ae0910-9b45-11cd-8d5b-0000019ca526,C1/TD1/I-35-1@5,192.168.7.30
f8b70261-80ab-4186-a618-ae7089e076e4,THD Ia,%,06ae0910-9b45-11cd-8d5b-0000019ca526,C1/TD1/I-35-1@5,192.168.7.30
3733c57a-8520-4d34-8223-322c06b83c58,Negative active power history,W,3fef2b30-9e30-11cd-94a1-0000c2f81c0c,C2/TDCTA/I-35-1@5,192.168.7.32
ae35fd9b-2fe6-4cef-ba53-ed1b754ee51a,Uca,V,3fef2b30-9e30-11cd-94a1-0000c2f81c0c,C2/TDCTA/I-35-1@5,192.168.7.32
013e13f7-ba09-4d0d-a68f-7ec88bd40cbe,Ic,A,3fef2b30-9e30-11cd-94a1-0000c2f81c0c,C2/TDCTA/I-35-1@5,192.168.7.32
d7d88a9f-f385-4c76-9735-1c58daaa1ac8,Positive active power history,W,3fef2b30-9e30-11cd-94a1-0000c2f81c0c,C2/TDCTA/I-35-1@5,192.168.7.32
5c440a8c-80d4-4efe-8155-ca70c51c6ca6,Va,V,3fef2b30-9e30-11cd-94a1-0000c2f81c0c,C2/TDCTA/I-35-1@5,192.168.7.32
7120afb2-6e6e-4af5-8ea3-36974c554574,Q Tot.,var,3fef2b30-9e30-11cd-94a1-0000c2f81c0c,C2/TDCTA/I-35-1@5,192.168.7.32
bcf196e1-4307-4f30-bcaf-0591a88c69fa,Frequency,Hz,3fef2b30-9e30-11cd-94a1-0000c2f81c0c,C2/TDCTA/I-35-1@5,192.168.7.32
306e5d7a-fa63-4f86-b117-aa0da4830a80,P Tot.,W,3fef2b30-9e30-11cd-94a1-0000c2f81c0c,C2/TDCTA/I-35-1@5,192.168.7.32
e7db86a1-ce22-45a1-929a-0c2b5792d5eb,Positive reactive power history,var,3fef2b30-9e30-11cd-94a1-0000c2f81c0c,C2/TDCTA/I-35-1@5,192.168.7.32
6791585a-b338-4f3e-ac54-587fab90540a,Apparent power history,VA,3fef2b30-9e30-11cd-94a1-0000c2f81c0c,C2/TDCTA/I-35-1@5,192.168.7.32
09eb842e-f88f-4958-a2a0-c8346803741a,Ib,A,3fef2b30-9e30-11cd-94a1-0000c2f81c0c,C2/TDCTA/I-35-1@5,192.168.7.32
7b21a36f-e74c-4012-bbd3-9c3affe581ba,Total Ea-,Wh,3fef2b30-9e30-11cd-94a1-0000c2f81c0c,C2/TDCTA/I-35-1@5,192.168.7.32
44acc910-df6e-411a-8061-914c57de644b,S Tot.,VA,3fef2b30-9e30-11cd-94a1-0000c2f81c0c,C2/TDCTA/I-35-1@5,192.168.7.32
fb76d76c-a121-41bb-b18c-466aa36a6dba,Negative reactive power history,var,3fef2b30-9e30-11cd-94a1-0000c2f81c0c,C2/TDCTA/I-35-1@5,192.168.7.32
684acfd9-34c7-4a73-aa4e-a7e5e2c4a0b8,In,A,3fef2b30-9e30-11cd-94a1-0000c2f81c0c,C2/TDCTA/I-35-1@5,192.168.7.32
02ce9d68-3a07-42e7-884e-1c8e0299530f,Ubc,V,3fef2b30-9e30-11cd-94a1-0000c2f81c0c,C2/TDCTA/I-35-1@5,192.168.7.32
70694177-7825-47dd-9552-25b143518aad,Ia,A,3fef2b30-9e30-11cd-94a1-0000c2f81c0c,C2/TDCTA/I-35-1@5,192.168.7.32
0dc9fd81-d0ca-4ada-a4b0-e32c1673683c,Vb,V,3fef2b30-9e30-11cd-94a1-0000c2f81c0c,C2/TDCTA/I-35-1@5,192.168.7.32
6faad15f-a767-49c8-a689-19bf7011933b,Vc,V,3fef2b30-9e30-11cd-94a1-0000c2f81c0c,C2/TDCTA/I-35-1@5,192.168.7.32
adea43b6-4802-4895-9182-331e3dbb5a6b,PF Tot.,-,3fef2b30-9e30-11cd-94a1-0000c2f81c0c,C2/TDCTA/I-35-1@5,192.168.7.32
8c9ca194-be77-41f4-8b24-e50bc2da28e0,Total Er-,varh,3fef2b30-9e30-11cd-94a1-0000c2f81c0c,C2/TDCTA/I-35-1@5,192.168.7.32
7138bb13-79ac-4ab2-90f4-dc94457812f0,Total Ea+,Wh,3fef2b30-9e30-11cd-94a1-0000c2f81c0c,C2/TDCTA/I-35-1@5,192.168.7.32
0e3ef7bd-9a0c-4493-9df4-ca40d510133d,Total Es,VAh,3fef2b30-9e30-11cd-94a1-0000c2f81c0c,C2/TDCTA/I-35-1@5,192.168.7.32
015af075-1d46-4635-83fd-92a60b821e91,Uab,V,3fef2b30-9e30-11cd-94a1-0000c2f81c0c,C2/TDCTA/I-35-1@5,192.168.7.32
57362b00-1a2f-4951-9b80-7a31203aab7b,Total Er+,varh,3fef2b30-9e30-11cd-94a1-0000c2f81c0c,C2/TDCTA/I-35-1@5,192.168.7.32